county,state,Men,Women
Abbeville,SC,12044.0,12744.0
Acadia,LA,30433.0,32174.0
Accomack,VA,16079.0,16761.0
Ada,ID,217999.0,217118.0
Adair,IA,3552.0,3640.0
Adair,KY,9632.0,9672.0
Adair,MO,12013.0,13424.0
Adair,OK,10987.0,11149.0
Adams,CO,245840.0,242010.0
Adams,IA,1870.0,1915.0
Adams,ID,2021.0,1925.0
Adams,IL,32698.0,34089.0
Adams,IN,17361.0,17657.0
Adams,MS,15680.0,15903.0
Adams,ND,1168.0,1200.0
Adams,NE,15981.0,15583.0
Adams,OH,13960.0,13966.0
Adams,PA,50055.0,51534.0
Adams,WA,9750.0,9511.0
Adams,WI,10770.0,9341.0
Addison,VT,18214.0,18611.0
Aiken,SC,80260.0,85447.0
Aitkin,MN,8079.0,7762.0
Alachua,FL,125712.0,134153.0
Alamance,NC,75078.0,82766.0
Alameda,CA,799649.0,829966.0
Alamosa,CO,8085.0,8260.0
Albany,NY,149287.0,159293.0
Albany,WY,19883.0,18061.0
Albemarle,VA,50283.0,54822.0
Alcona,MI,5247.0,5166.0
Alcorn,MS,18345.0,18897.0
Alexander,IL,3258.0,3518.0
Alexander,NC,18797.0,18362.0
Alfalfa,OK,3502.0,2375.0
Alger,MI,5088.0,4166.0
Allamakee,IA,7098.0,6842.0
Allegan,MI,56997.0,57148.0
Allegany,MD,37892.0,34699.0
Allegany,NY,24013.0,23387.0
Alleghany,NC,5445.0,5490.0
Alleghany,VA,7586.0,7903.0
Allegheny,PA,593177.0,636428.0
Allen,IN,179414.0,188333.0
Allen,KS,6318.0,6434.0
Allen,KY,10227.0,10401.0
Allen,OH,52614.0,51543.0
Allen,LA,14542.0,11125.0
Allendale,SC,4952.0,4450.0
Alpena,MI,14169.0,14561.0
Alpine,CA,664.0,539.0
Amador,CA,20005.0,17301.0
Amelia,VA,6644.0,6158.0
Amherst,VA,15331.0,16488.0
Amite,MS,6133.0,6441.0
Anderson,KS,3849.0,3991.0
Anderson,KY,10639.0,11378.0
Anderson,SC,93474.0,100700.0
Anderson,TN,36803.0,38735.0
Anderson,TX,35292.0,22455.0
Andrew,MO,8622.0,8736.0
Andrews,TX,8980.0,8597.0
Angelina,TX,42707.0,44993.0
Anne Arundel,MD,279581.0,285019.0
Anoka,MN,172482.0,172379.0
Anson,NC,13361.0,12170.0
Antelope,NE,3213.0,3193.0
Antrim,MI,11479.0,11654.0
Apache,AZ,35355.0,36247.0
Appanoose,IA,6206.0,6341.0
Appling,GA,9090.0,9381.0
Appomattox,VA,7507.0,7955.0
Aransas,TX,12448.0,12384.0
Arapahoe,CO,309190.0,317422.0
Archer,TX,4335.0,4458.0
Archuleta,CO,6400.0,6192.0
Arenac,MI,7714.0,7524.0
Arkansas,AR,8785.0,9567.0
Arlington,VA,114403.0,115131.0
Armstrong,PA,33176.0,33561.0
Armstrong,TX,974.0,955.0
Arthur,NE,204.0,217.0
Ascension,LA,58718.0,60411.0
Ashe,NC,13213.0,13620.0
Ashland,OH,26005.0,27294.0
Ashland,WI,7954.0,7825.0
Ashley,AR,10126.0,10645.0
Ashtabula,OH,49509.0,49113.0
Asotin,WA,10594.0,11665.0
Assumption,LA,11085.0,11796.0
Atascosa,TX,24051.0,24088.0
Atchison,KS,7957.0,8509.0
Atchison,MO,2642.0,2693.0
Athens,OH,32641.0,32922.0
Atkinson,GA,4112.0,4201.0
Atlantic,NJ,132171.0,140755.0
Atoka,OK,7340.0,6559.0
Attala,MS,8860.0,9871.0
Audrain,MO,11744.0,14019.0
Audubon,IA,2814.0,2897.0
Auglaize,OH,22866.0,22912.0
Augusta,VA,37695.0,36695.0
Aurora,SD,1445.0,1294.0
Austin,TX,14474.0,14818.0
Autauga,AL,26899.0,28137.0
Avery,NC,9573.0,7962.0
Avoyelles,LA,20693.0,20402.0
Baca,CO,1732.0,1849.0
Bacon,GA,5599.0,5680.0
Bailey,TX,3678.0,3420.0
Baker,FL,14422.0,13115.0
Baker,GA,1547.0,1704.0
Baker,OR,8156.0,7824.0
Baldwin,AL,99527.0,103833.0
Baldwin,GA,22893.0,22634.0
Ballard,KY,4077.0,4075.0
Baltimore,MD,392930.0,435707.0
Bamberg,SC,7218.0,7624.0
Bandera,TX,10570.0,10746.0
Banks,GA,9245.0,9118.0
Banner,NE,356.0,372.0
Bannock,ID,41867.0,42246.0
Baraga,MI,5112.0,3468.0
Barber,KS,2525.0,2380.0
Barbour,AL,13976.0,12225.0
Barbour,WV,8165.0,8625.0
Barnes,ND,5397.0,5574.0
Barnstable,MA,102152.0,111748.0
Barnwell,SC,10369.0,11419.0
Barren,KY,21123.0,22295.0
Barron,WI,22759.0,22599.0
Barrow,GA,37033.0,38066.0
Barry,MI,29958.0,29649.0
Barry,MO,17782.0,17616.0
Bartholomew,IN,40688.0,40336.0
Barton,KS,13445.0,13622.0
Barton,MO,5924.0,6018.0
Bartow,GA,50888.0,51735.0
Bastrop,TX,40845.0,39461.0
Bates,MO,8010.0,8395.0
Bath,KY,6012.0,6177.0
Bath,VA,2311.0,2147.0
Baxter,AR,19857.0,21236.0
Bay,FL,89542.0,90575.0
Bay,MI,51875.0,53475.0
Bayfield,WI,7642.0,7362.0
Baylor,TX,1740.0,1862.0
Beadle,SD,9219.0,8944.0
Bear Lake,ID,2928.0,3014.0
Beaufort,NC,22596.0,24720.0
Beaufort,SC,88524.0,90792.0
Beauregard,LA,18631.0,17967.0
Beaver,OK,2701.0,2744.0
Beaver,PA,81606.0,86555.0
Beaver,UT,3296.0,3118.0
Beaverhead,MT,4694.0,4666.0
Becker,MN,16672.0,16880.0
Beckham,OK,12263.0,10708.0
Bedford,PA,24404.0,24487.0
Bedford,TN,23127.0,23727.0
Bedford,VA,38012.0,39307.0
Bee,TX,19883.0,12846.0
Bell,KY,13385.0,14084.0
Bell,TX,168147.0,168359.0
Belmont,OH,35167.0,33722.0
Beltrami,MN,22775.0,23072.0
Ben Hill,GA,8259.0,9013.0
Benewah,ID,4568.0,4482.0
Bennett,SD,1567.0,1873.0
Bennington,VT,17689.0,18365.0
Benson,ND,3520.0,3355.0
Bent,CO,3767.0,2039.0
Benton,AR,124632.0,127191.0
Benton,IA,12786.0,12860.0
Benton,IN,4349.0,4336.0
Benton,MN,19652.0,19708.0
Benton,MO,9308.0,9610.0
Benton,MS,4257.0,4049.0
Benton,OR,44598.0,43651.0
Benton,TN,7794.0,8360.0
Benton,WA,95438.0,95091.0
Benzie,MI,8694.0,8768.0
Bergen,NJ,454204.0,483716.0
Berkeley,SC,101773.0,102859.0
Berkeley,WV,54961.0,56649.0
Berks,PA,204283.0,211217.0
Bernalillo,NM,330743.0,344112.0
Berrien,GA,9297.0,9717.0
Berrien,MI,75835.0,79113.0
Bertie,NC,10057.0,9856.0
Bexar,TX,932577.0,959427.0
Bibb,AL,12251.0,10329.0
Bibb,GA,72312.0,81611.0
Bienville,LA,6692.0,7114.0
Big Horn,MT,6566.0,6724.0
Big Horn,WY,6015.0,5905.0
Big Stone,MN,2489.0,2550.0
Billings,ND,566.0,417.0
Bingham,ID,22732.0,22637.0
Black Hawk,IA,65251.0,67709.0
Blackford,IN,6047.0,6167.0
Bladen,NC,16241.0,17889.0
Blaine,ID,11040.0,10543.0
Blaine,MT,3316.0,3330.0
Blaine,NE,256.0,246.0
Blaine,OK,5070.0,4610.0
Blair,PA,61106.0,63630.0
Blanco,TX,5576.0,5513.0
Bland,VA,3617.0,2907.0
Bleckley,GA,5909.0,6870.0
Bledsoe,TN,8385.0,6028.0
Blount,AL,28490.0,29177.0
Blount,TN,61640.0,65495.0
Blue Earth,MN,33054.0,32713.0
Boise,ID,3678.0,3290.0
Bolivar,MS,15613.0,17508.0
Bollinger,MO,6180.0,6167.0
Bon Homme,SD,4057.0,2915.0
Bond,IL,8767.0,8267.0
Bonner,ID,20980.0,20875.0
Bonneville,ID,55082.0,55322.0
Boone,AR,18198.0,19014.0
Boone,IA,13280.0,13101.0
Boone,IL,26755.0,26883.0
Boone,IN,31211.0,31802.0
Boone,KY,63122.0,64560.0
Boone,MO,84812.0,89777.0
Boone,NE,2691.0,2666.0
Boone,WV,11530.0,11706.0
Borden,TX,309.0,293.0
Bosque,TX,8831.0,9124.0
Bossier,LA,62214.0,63484.0
Botetourt,VA,16421.0,16728.0
Bottineau,ND,3478.0,3173.0
Boulder,CO,159112.0,157670.0
Boundary,ID,5655.0,5668.0
Bourbon,KS,7315.0,7442.0
Bourbon,KY,9706.0,10311.0
Bowie,TX,47173.0,46462.0
Bowman,ND,1544.0,1682.0
Box Butte,NE,5671.0,5529.0
Box Elder,UT,26423.0,25759.0
Boyd,KY,24180.0,24306.0
Boyd,NE,1038.0,1011.0
Boyle,KY,14883.0,14890.0
Bracken,KY,4186.0,4144.0
Bradford,FL,14754.0,12021.0
Bradford,PA,30348.0,31198.0
Bradley,AR,5262.0,5732.0
Bradley,TN,50468.0,53198.0
Branch,MI,22517.0,21026.0
Brantley,GA,9070.0,9341.0
Braxton,WV,7172.0,7173.0
Brazoria,TX,175156.0,170839.0
Brazos,TX,108478.0,105753.0
Breathitt,KY,6675.0,6601.0
Breckinridge,KY,10028.0,9963.0
Bremer,IA,12195.0,12546.0
Brevard,FL,277666.0,290517.0
Brewster,TX,4464.0,4756.0
Briscoe,TX,796.0,795.0
Bristol,RI,23625.0,25403.0
Broadwater,MT,2896.0,2859.0
Bronx,NY,685636.0,770210.0
Brooke,WV,11287.0,11780.0
Brookings,SD,17153.0,16544.0
Brooks,GA,7531.0,8098.0
Brooks,TX,3750.0,3501.0
Broome,NY,96409.0,99715.0
Broomfield,CO,31920.0,32363.0
Broward,FL,920265.0,970151.0
Brown,IL,4360.0,2431.0
Brown,IN,7439.0,7568.0
Brown,KS,4680.0,5056.0
Brown,MN,12550.0,12693.0
Brown,NE,1468.0,1590.0
Brown,OH,21693.0,22106.0
Brown,SD,18909.0,19728.0
Brown,TX,18741.0,19046.0
Brown,WI,128020.0,129984.0
Brule,SD,2626.0,2654.0
Brunswick,NC,59412.0,63174.0
Brunswick,VA,8557.0,7878.0
Bryan,GA,17313.0,17570.0
Bryan,OK,21890.0,23178.0
Buchanan,IA,10497.0,10604.0
Buchanan,MO,44847.0,44578.0
Buchanan,VA,11378.0,11233.0
Buckingham,VA,9465.0,7583.0
Bucks,PA,307319.0,319167.0
Buena Vista,IA,10254.0,10115.0
Buffalo,NE,24367.0,24467.0
Buffalo,SD,984.0,1064.0
Buffalo,WI,6740.0,6503.0
Bullitt,KY,39131.0,39491.0
Bulloch,GA,36288.0,37454.0
Bullock,AL,5616.0,4862.0
Buncombe,NC,121002.0,131266.0
Bureau,IL,16506.0,17113.0
Burke,GA,10752.0,11893.0
Burke,NC,43908.0,44990.0
Burke,ND,1198.0,1055.0
Burleigh,ND,46218.0,46154.0
Burleson,TX,8781.0,8815.0
Burlington,NJ,220995.0,228197.0
Burnet,TX,22234.0,22783.0
Burnett,WI,7798.0,7441.0
Burt,NE,3231.0,3315.0
Butler,AL,9416.0,10710.0
Butler,IA,7402.0,7420.0
Butler,KS,33449.0,32811.0
Butler,KY,6405.0,6330.0
Butler,MO,20735.0,22091.0
Butler,NE,4085.0,4020.0
Butler,OH,184149.0,191553.0
Butler,PA,91847.0,94137.0
Butte,CA,111587.0,113620.0
Butte,ID,1350.0,1263.0
Butte,SD,5078.0,5116.0
Butts,GA,12464.0,11092.0
Cabarrus,NC,95708.0,101008.0
Cabell,WV,47121.0,48979.0
Cache,UT,60247.0,60041.0
Caddo,OK,15383.0,14054.0
Caddo,LA,119235.0,131834.0
Calaveras,CA,22292.0,22765.0
Calcasieu,LA,96906.0,101847.0
Caldwell,KY,5973.0,6774.0
Caldwell,MO,4572.0,4474.0
Caldwell,NC,40361.0,41444.0
Caldwell,TX,20563.0,19981.0
Caldwell,LA,5313.0,4687.0
Calhoun,AL,55593.0,59934.0
Calhoun,AR,2693.0,2501.0
Calhoun,FL,7872.0,6586.0
Calhoun,GA,3915.0,2588.0
Calhoun,IA,5080.0,4734.0
Calhoun,IL,2453.0,2444.0
Calhoun,MI,65652.0,68675.0
Calhoun,MS,6994.0,7623.0
Calhoun,SC,7071.0,7737.0
Calhoun,TX,10976.0,10845.0
Calhoun,WV,3689.0,3761.0
Callahan,TX,6650.0,7010.0
Callaway,MO,22801.0,21992.0
Calloway,KY,18594.0,20022.0
Calumet,WI,24812.0,24925.0
Calvert,MD,45184.0,45640.0
Camas,ID,443.0,443.0
Cambria,PA,66777.0,69094.0
Camden,GA,26821.0,25431.0
Camden,MO,22316.0,22539.0
Camden,NC,5103.0,5233.0
Camden,NJ,246942.0,264054.0
Cameron,PA,2419.0,2335.0
Cameron,TX,203657.0,216544.0
Cameron,LA,3289.0,3517.0
Camp,TX,6215.0,6455.0
Campbell,KY,45005.0,46799.0
Campbell,SD,720.0,723.0
Campbell,TN,19411.0,20413.0
Campbell,VA,26745.0,28413.0
Campbell,WY,25001.0,23115.0
Canadian,OK,66068.0,66854.0
Candler,GA,5353.0,5541.0
Cannon,TN,6738.0,7101.0
Canyon,ID,102480.0,104547.0
Cape Girardeau,MO,37860.0,40153.0
Cape May,NJ,46158.0,48391.0
Carbon,MT,5271.0,5195.0
Carbon,PA,31716.0,32271.0
Carbon,UT,10088.0,10424.0
Carbon,WY,8456.0,7233.0
Caribou,ID,3483.0,3379.0
Carlisle,KY,2378.0,2512.0
Carlton,MN,18500.0,16908.0
Caroline,MD,15971.0,16814.0
Caroline,VA,14807.0,15082.0
Carroll,AR,13634.0,14148.0
Carroll,GA,56032.0,58866.0
Carroll,IA,10052.0,10376.0
Carroll,IL,7288.0,7416.0
Carroll,IN,9980.0,10014.0
Carroll,KY,5467.0,5228.0
Carroll,MD,82784.0,84535.0
Carroll,MO,4321.0,4588.0
Carroll,MS,5157.0,5064.0
Carroll,NH,23734.0,23790.0
Carroll,OH,13824.0,14001.0
Carroll,TN,13758.0,14379.0
Carroll,VA,14993.0,14774.0
Carson City,NV,27794.0,26425.0
Carson,TX,2888.0,3145.0
Carter,KY,13462.0,13923.0
Carter,MO,2981.0,3274.0
Carter,MT,660.0,660.0
Carter,OK,23449.0,24958.0
Carter,TN,27736.0,28764.0
Carteret,NC,33760.0,34939.0
Carver,MN,49086.0,49713.0
Cascade,MT,41259.0,40557.0
Casey,KY,7785.0,8020.0
Cass,IA,6586.0,6741.0
Cass,IL,6529.0,6351.0
Cass,IN,19091.0,19157.0
Cass,MI,25861.0,25536.0
Cass,MN,14698.0,14112.0
Cass,MO,50019.0,51869.0
Cass,ND,86284.0,84336.0
Cass,NE,12813.0,12700.0
Cass,TX,14599.0,15519.0
Cassia,ID,11966.0,11506.0
Castro,TX,3958.0,3933.0
Caswell,NC,11490.0,11343.0
Catahoula,LA,5359.0,4685.0
Catawba,NC,76437.0,79745.0
Catoosa,GA,31953.0,33917.0
Catron,NM,1861.0,1686.0
Cattaraugus,NY,38739.0,39436.0
Cavalier,ND,1944.0,1873.0
Cayuga,NY,40132.0,38187.0
Cecil,MD,50878.0,51538.0
Cedar,IA,9148.0,9220.0
Cedar,MO,6883.0,6979.0
Cedar,NE,4349.0,4212.0
Centre,PA,84313.0,76333.0
Cerro Gordo,IA,21011.0,22123.0
Chaffee,CO,10056.0,8762.0
Chambers,AL,16320.0,17575.0
Chambers,TX,19679.0,19604.0
Champaign,IL,103843.0,104103.0
Champaign,OH,19453.0,19552.0
Chariton,MO,3768.0,3818.0
Charles City,VA,3437.0,3585.0
Charles,MD,75368.0,80653.0
Charles Mix,SD,4637.0,4682.0
Charleston,SC,187854.0,199993.0
Charlevoix,MI,12868.0,13292.0
Charlotte,FL,84432.0,88804.0
Charlotte,VA,5991.0,6185.0
Charlton,GA,7393.0,5570.0
Chase,KS,1345.0,1320.0
Chase,NE,1892.0,1911.0
Chatham,GA,137781.0,147725.0
Chatham,NC,33000.0,35364.0
Chattahoochee,GA,7455.0,3641.0
Chattooga,GA,12730.0,12150.0
Chautauqua,KS,1778.0,1647.0
Chautauqua,NY,64652.0,66194.0
Chaves,NM,32536.0,32918.0
Cheatham,TN,19642.0,20071.0
Cheboygan,MI,12680.0,12795.0
Chelan,WA,37352.0,37786.0
Chemung,NY,43018.0,43865.0
Chenango,NY,24382.0,24381.0
Cherokee,AL,12862.0,12993.0
Cherokee,GA,116132.0,119764.0
Cherokee,IA,5804.0,5773.0
Cherokee,KS,10087.0,10414.0
Cherokee,NC,13483.0,13980.0
Cherokee,OK,23854.0,24550.0
Cherokee,SC,27527.0,29022.0
Cherokee,TX,26307.0,25287.0
Cherry,NE,2871.0,2921.0
Chester,PA,253509.0,261143.0
Chester,SC,15850.0,16574.0
Chester,TN,8199.0,8898.0
Chesterfield,SC,22685.0,23442.0
Chesterfield,VA,161644.0,173950.0
Cheyenne,CO,1086.0,1041.0
Cheyenne,KS,1324.0,1353.0
Cheyenne,NE,4899.0,5113.0
Chickasaw,IA,6053.0,6087.0
Chickasaw,MS,8393.0,8912.0
Chicot,AR,5401.0,5607.0
Childress,TX,3933.0,3131.0
Chilton,AL,21554.0,22251.0
Chippewa,MI,20948.0,17075.0
Chippewa,MN,5994.0,6046.0
Chippewa,WI,33015.0,30430.0
Chisago,MN,28102.0,26195.0
Chittenden,VT,78928.0,82057.0
Choctaw,AL,6277.0,6911.0
Choctaw,MS,4100.0,4260.0
Choctaw,OK,7248.0,7731.0
Chouteau,MT,2884.0,2928.0
Chowan,NC,6878.0,7492.0
Christian,IL,17040.0,16522.0
Christian,KY,38426.0,34012.0
Christian,MO,40265.0,42763.0
Churchill,NV,12177.0,11845.0
Cibola,NM,13678.0,13371.0
Cimarron,OK,1118.0,1103.0
Citrus,FL,68487.0,72886.0
Clackamas,OR,196834.0,203128.0
Claiborne,MS,4269.0,4837.0
Claiborne,TN,15284.0,16282.0
Claiborne,LA,9360.0,6936.0
Clallam,WA,36389.0,37050.0
Clare,MI,15148.0,15449.0
Clarendon,SC,16822.0,17334.0
Clarion,PA,18932.0,19815.0
Clark,AR,10697.0,11798.0
Clark,ID,566.0,489.0
Clark,IL,7827.0,8097.0
Clark,IN,55952.0,58941.0
Clark,KS,1073.0,1016.0
Clark,KY,17426.0,18331.0
Clark,MO,3467.0,3340.0
Clark,NV,1056002.0,1056434.0
Clark,OH,65575.0,69945.0
Clark,SD,1877.0,1765.0
Clark,WA,226178.0,231296.0
Clark,WI,17507.0,17006.0
Clarke,AL,11649.0,12976.0
Clarke,GA,58788.0,64766.0
Clarke,IA,4600.0,4667.0
Clarke,MS,7575.0,8514.0
Clarke,VA,7195.0,7136.0
Clatsop,OR,18909.0,19112.0
Clay,AL,6471.0,6936.0
Clay,AR,7421.0,7769.0
Clay,FL,100119.0,103172.0
Clay,GA,1495.0,1529.0
Clay,IA,8091.0,8296.0
Clay,IL,6602.0,6791.0
Clay,IN,12903.0,13472.0
Clay,KS,4051.0,4152.0
Clay,KY,11054.0,9812.0
Clay,MN,30613.0,31427.0
Clay,MO,115761.0,120307.0
Clay,MS,9273.0,10717.0
Clay,NC,5117.0,5636.0
Clay,NE,3210.0,3054.0
Clay,SD,6955.0,6952.0
Clay,TN,3777.0,3907.0
Clay,TX,5184.0,5185.0
Clay,WV,4443.0,4458.0
Clayton,GA,129364.0,144786.0
Clayton,IA,8916.0,8795.0
Clear Creek,CO,4752.0,4505.0
Clearfield,PA,41950.0,38589.0
Clearwater,ID,4742.0,3791.0
Clearwater,MN,4485.0,4339.0
Cleburne,AL,7367.0,7572.0
Cleburne,AR,12494.0,12867.0
Clermont,OH,99940.0,102226.0
Cleveland,AR,4189.0,4143.0
Cleveland,NC,46733.0,50305.0
Cleveland,OK,136970.0,137054.0
Clinch,GA,3411.0,3377.0
Clinton,IA,23289.0,24298.0
Clinton,IL,19549.0,18091.0
Clinton,IN,16044.0,16411.0
Clinton,KY,5119.0,5089.0
Clinton,MI,38231.0,39090.0
Clinton,MO,10282.0,10213.0
Clinton,NY,41648.0,39576.0
Clinton,OH,20707.0,21162.0
Clinton,PA,19293.0,20028.0
Cloud,KS,4553.0,4638.0
Coahoma,MS,11202.0,13094.0
Coal,OK,2819.0,2847.0
Cobb,GA,357252.0,381820.0
Cochise,AZ,64094.0,62422.0
Cochran,TX,1492.0,1440.0
Cocke,TN,17221.0,18041.0
Coconino,AZ,68264.0,70375.0
Codington,SD,14163.0,13800.0
Coffee,AL,25225.0,25848.0
Coffee,GA,22105.0,20943.0
Coffee,TN,26397.0,27677.0
Coffey,KS,4197.0,4131.0
Coke,TX,1609.0,1629.0
Colbert,AL,26143.0,28292.0
Cole,MO,38820.0,37929.0
Coleman,TX,4282.0,4140.0
Coles,IL,25395.0,27145.0
Colfax,NE,5527.0,5089.0
Colfax,NM,6317.0,6205.0
Colleton,SC,18265.0,19316.0
Collier,FL,175608.0,181166.0
Collin,TX,448915.0,465160.0
Collingsworth,TX,1508.0,1518.0
Colorado,TX,10487.0,10426.0
Colquitt,GA,22806.0,23084.0
Columbia,AR,11498.0,12494.0
Columbia,FL,35425.0,33059.0
Columbia,GA,70172.0,73551.0
Columbia,NY,30856.0,30625.0
Columbia,OR,25179.0,25028.0
Columbia,PA,32085.0,34530.0
Columbia,WA,1956.0,2043.0
Columbia,WI,29007.0,27783.0
Columbiana,OH,52586.0,51998.0
Columbus,NC,27882.0,28707.0
Colusa,CA,11157.0,10322.0
Comal,TX,63732.0,65368.0
Comanche,KS,841.0,900.0
Comanche,OK,63755.0,59311.0
Comanche,TX,6710.0,6782.0
Concho,TX,2622.0,1236.0
Concordia,LA,10319.0,9892.0
Conecuh,AL,6040.0,6609.0
Conejos,CO,4084.0,4063.0
Contra Costa,CA,548675.0,575003.0
Converse,WY,7279.0,6887.0
Conway,AR,10313.0,10641.0
Cook,GA,8275.0,8915.0
Cook,IL,2540704.0,2697837.0
Cook,MN,2609.0,2661.0
Cooke,TX,19358.0,19706.0
Cooper,MO,9267.0,8353.0
Coos,OR,30820.0,32101.0
Coosa,AL,5474.0,5481.0
Copiah,MS,13762.0,14986.0
Corson,SD,2125.0,2052.0
Cortland,NY,23443.0,24891.0
Coryell,TX,37921.0,37897.0
Coshocton,OH,18192.0,18410.0
Costilla,CO,1958.0,1670.0
Cottle,TX,758.0,740.0
Cotton,OK,2973.0,3027.0
Cottonwood,MN,5660.0,5777.0
Covington,AL,18133.0,19386.0
Covington,MS,9219.0,9953.0
Coweta,GA,67326.0,70689.0
Cowley,KS,17973.0,17759.0
Cowlitz,WA,51079.0,52511.0
Craig,OK,7416.0,7147.0
Craig,VA,2525.0,2606.0
Craighead,AR,50774.0,53472.0
Crane,TX,2515.0,2321.0
Craven,NC,52488.0,50886.0
Crawford,AR,30587.0,31532.0
Crawford,GA,6303.0,6082.0
Crawford,IA,8878.0,8253.0
Crawford,IL,10067.0,9147.0
Crawford,IN,5355.0,5243.0
Crawford,KS,19571.0,19528.0
Crawford,MI,6953.0,6868.0
Crawford,MO,12030.0,12357.0
Crawford,OH,20626.0,21605.0
Crawford,PA,42498.0,44349.0
Crawford,WI,8469.0,7844.0
Creek,OK,35142.0,35757.0
Crenshaw,AL,6786.0,7080.0
Crisp,GA,10813.0,12192.0
Crittenden,AR,23303.0,25975.0
Crittenden,KY,4627.0,4527.0
Crockett,TN,6915.0,7639.0
Crockett,TX,1903.0,1933.0
Crook,OR,10627.0,11090.0
Crook,WY,3760.0,3587.0
Crosby,TX,2918.0,2977.0
Cross,AR,8323.0,8841.0
Crow Wing,MN,31769.0,31736.0
Crowley,CO,3752.0,1762.0
Culberson,TX,1162.0,1095.0
Cullman,AL,40223.0,41480.0
Culpeper,VA,25057.0,24738.0
Cumberland,IL,5453.0,5446.0
Cumberland,KY,3372.0,3372.0
Cumberland,ME,140510.0,148663.0
Cumberland,NC,165787.0,166979.0
Cumberland,NJ,79550.0,75402.0
Cumberland,PA,121449.0,124352.0
Cumberland,TN,28515.0,29663.0
Cumberland,VA,4830.0,4967.0
Cuming,NE,4557.0,4482.0
Currituck,NC,12522.0,12725.0
Curry,NM,26139.0,24144.0
Curry,OR,10898.0,11479.0
Custer,CO,2200.0,2305.0
Custer,ID,2164.0,1977.0
Custer,MT,5916.0,5979.0
Custer,NE,5357.0,5479.0
Custer,OK,14654.0,14515.0
Custer,SD,4275.0,4244.0
Cuyahoga,OH,599033.0,658368.0
Dade,GA,7956.0,8326.0
Dade,MO,3877.0,3704.0
Daggett,UT,425.0,277.0
Dakota,MN,204016.0,210639.0
Dakota,NE,10074.0,10455.0
Dale,AL,24524.0,24869.0
Dallam,TX,3880.0,3327.0
Dallas,AL,18809.0,21946.0
Dallas,AR,3639.0,3946.0
Dallas,IA,39934.0,40930.0
Dallas,MO,8117.0,8324.0
Dallas,TX,1257751.0,1294462.0
Dane,WI,259686.0,263151.0
Daniels,MT,926.0,862.0
Dare,NC,17441.0,17971.0
Darke,OH,25569.0,26350.0
Darlington,SC,31915.0,35657.0
Dauphin,PA,132330.0,140999.0
Davidson,NC,80121.0,83997.0
Davidson,TN,327080.0,351242.0
Davie,NC,20394.0,21372.0
Daviess,IN,16600.0,16177.0
Daviess,KY,48300.0,50958.0
Daviess,MO,4164.0,4136.0
Davis,IA,4360.0,4474.0
Davis,UT,168534.0,166443.0
Davison,SD,9895.0,9858.0
Dawes,NE,4495.0,4477.0
Dawson,GA,11529.0,11868.0
Dawson,MT,4869.0,4455.0
Dawson,NE,12235.0,11690.0
Dawson,TX,7274.0,5821.0
Day,SD,2834.0,2690.0
De Baca,NM,926.0,1090.0
De Soto,LA,13154.0,14010.0
De Witt,IL,8085.0,8091.0
DeKalb,AL,35328.0,35866.0
DeKalb,GA,348949.0,387117.0
DeKalb,IL,51739.0,52734.0
DeKalb,IN,21161.0,21363.0
DeKalb,MO,8007.0,4557.0
DeKalb,TN,9705.0,9675.0
DeSoto,FL,20184.0,15491.0
DeSoto,MS,83838.0,89429.0
DeWitt,TX,10697.0,9777.0
Deaf Smith,TX,9499.0,9448.0
Dearborn,IN,24774.0,24790.0
Decatur,GA,13037.0,13986.0
Decatur,IA,4074.0,4031.0
Decatur,IN,13112.0,13368.0
Decatur,KS,1444.0,1447.0
Decatur,TN,5744.0,5937.0
Deer Lodge,MT,4778.0,4353.0
Defiance,OH,18969.0,19342.0
Del Norte,CA,15008.0,12434.0
Delaware,IA,8659.0,8667.0
Delaware,IN,55903.0,60035.0
Delaware,NY,23118.0,22832.0
Delaware,OH,95515.0,97509.0
Delaware,OK,20687.0,21191.0
Delaware,PA,270775.0,292609.0
Delta,CO,15221.0,14996.0
Delta,MI,18084.0,18311.0
Delta,TX,2552.0,2620.0
Dent,MO,7774.0,7792.0
Denton,TX,384390.0,396931.0
Denver,CO,339400.0,339067.0
Des Moines,IA,19534.0,20342.0
Deschutes,OR,86629.0,88692.0
Desha,AR,5547.0,6547.0
Deuel,NE,915.0,986.0
Deuel,SD,2246.0,2036.0
Dewey,OK,2464.0,2440.0
Dewey,SD,2823.0,2886.0
Dickens,TX,1186.0,1038.0
Dickenson,VA,7720.0,7461.0
Dickey,ND,2513.0,2528.0
Dickinson,IA,8547.0,8453.0
Dickinson,KS,9572.0,9590.0
Dickinson,MI,12819.0,12875.0
Dickson,TN,25100.0,26241.0
Dillon,SC,14568.0,16505.0
Dimmit,TX,5284.0,5538.0
Dinwiddie,VA,13849.0,14184.0
District of Columbia,DC,319046.0,353345.0
Divide,ND,1217.0,1161.0
Dixie,FL,9048.0,7275.0
Dixon,NE,2905.0,2860.0
Doddridge,WV,4641.0,3929.0
Dodge,GA,11024.0,10039.0
Dodge,MN,10301.0,10184.0
Dodge,NE,17980.0,18596.0
Dodge,WI,46032.0,41801.0
Dolores,CO,946.0,790.0
Doniphan,KS,3952.0,3838.0
Donley,TX,1714.0,1719.0
Dooly,GA,7631.0,6422.0
Door,WI,13602.0,13841.0
Dorchester,MD,15476.0,16910.0
Dorchester,SC,73919.0,77797.0
Dougherty,GA,42377.0,49145.0
Douglas,CO,159804.0,161136.0
Douglas,GA,66926.0,73226.0
Douglas,IL,9780.0,10050.0
Douglas,KS,58348.0,59458.0
Douglas,MN,18510.0,18381.0
Douglas,MO,6704.0,6687.0
Douglas,NE,270917.0,278789.0
Douglas,NV,24047.0,23585.0
Douglas,OR,53134.0,54442.0
Douglas,SD,1448.0,1492.0
Douglas,WA,20382.0,20203.0
Douglas,WI,21734.0,21769.0
Drew,AR,9090.0,9530.0
DuPage,IL,457327.0,474499.0
Dubois,IN,21223.0,21156.0
Dubuque,IA,47757.0,48814.0
Duchesne,UT,10320.0,9939.0
Dundy,NE,1004.0,1013.0
Dunklin,MO,14856.0,16049.0
Dunn,ND,2306.0,2043.0
Dunn,WI,22296.0,21964.0
Duplin,NC,29020.0,30330.0
Durham,NC,143946.0,156919.0
Dutchess,NY,146993.0,148692.0
Duval,FL,442115.0,469928.0
Duval,TX,5891.0,5543.0
Dyer,TN,18201.0,19550.0
Eagle,CO,28560.0,25166.0
Early,GA,4817.0,5588.0
East Baton Rouge,LA,214073.0,232094.0
East Carroll,LA,4409.0,2909.0
East Feliciana,LA,10667.0,8886.0
Eastland,TX,9337.0,8941.0
Eaton,MI,53065.0,55521.0
Eau Claire,WI,50371.0,52017.0
Echols,GA,2012.0,1999.0
Ector,TX,78798.0,76946.0
Eddy,ND,1146.0,1175.0
Eddy,NM,28792.0,28001.0
Edgar,IL,8643.0,8960.0
Edgecombe,NC,25088.0,28944.0
Edgefield,SC,14332.0,12288.0
Edmonson,KY,6049.0,6014.0
Edmunds,SD,2008.0,1963.0
Edwards,IL,3218.0,3352.0
Edwards,KS,1520.0,1426.0
Edwards,TX,965.0,1146.0
Effingham,GA,28260.0,28827.0
Effingham,IL,17021.0,17143.0
El Dorado,CA,92304.0,92711.0
El Paso,CO,340118.0,334708.0
El Paso,TX,409199.0,425626.0
Elbert,CO,12442.0,12111.0
Elbert,GA,9218.0,10070.0
Elk,KS,1271.0,1310.0
Elk,PA,15435.0,15346.0
Elkhart,IN,100359.0,102565.0
Elko,NV,27185.0,25192.0
Elliott,KY,4302.0,3231.0
Ellis,KS,14469.0,14408.0
Ellis,OK,1983.0,2119.0
Ellis,TX,80837.0,83255.0
Ellsworth,KS,3576.0,2755.0
Elmore,AL,39357.0,41632.0
Elmore,ID,13651.0,12581.0
Emanuel,GA,11183.0,11319.0
Emery,UT,5306.0,5104.0
Emmet,IA,4792.0,4869.0
Emmet,MI,16359.0,16619.0
Emmons,ND,1693.0,1696.0
Erath,TX,20118.0,20898.0
Erie,NY,447024.0,476971.0
Erie,OH,36972.0,38397.0
Erie,PA,137134.0,140660.0
Escambia,AL,19326.0,18295.0
Escambia,FL,153834.0,156090.0
Esmeralda,NV,485.0,617.0
Essex,MA,373886.0,401974.0
Essex,NJ,384515.0,415886.0
Essex,NY,19936.0,18297.0
Essex,VA,4899.0,6184.0
Essex,VT,3135.0,3068.0
Estill,KY,7081.0,7301.0
Etowah,AL,49738.0,53394.0
Eureka,NV,849.0,879.0
Evangeline,LA,17232.0,16518.0
Evans,GA,5093.0,5664.0
Fairfax,VA,565593.0,576411.0
Fairfield,CT,461380.0,485948.0
Fairfield,OH,75440.0,76086.0
Fairfield,SC,10782.0,12086.0
Fall River,SD,3424.0,3359.0
Fallon,MT,1526.0,1399.0
Falls,TX,8135.0,9154.0
Fannin,GA,11852.0,12628.0
Fannin,TX,17846.0,15941.0
Faribault,MN,6975.0,6991.0
Faulk,SD,1196.0,1131.0
Faulkner,AR,59387.0,61895.0
Fauquier,VA,33858.0,34548.0
Fayette,AL,8191.0,8466.0
Fayette,GA,53551.0,56755.0
Fayette,IA,10162.0,9977.0
Fayette,IL,11751.0,10229.0
Fayette,IN,11562.0,11864.0
Fayette,KY,154530.0,160579.0
Fayette,OH,14027.0,14632.0
Fayette,PA,65640.0,67520.0
Fayette,TN,19329.0,20007.0
Fayette,TX,12188.0,12775.0
Fayette,WV,22404.0,22198.0
Fentress,TN,8846.0,9094.0
Fergus,MT,5701.0,5626.0
Ferry,WA,3911.0,3657.0
Fillmore,MN,10448.0,10377.0
Fillmore,NE,2800.0,2803.0
Finney,KS,18913.0,18184.0
Fisher,TX,1867.0,2008.0
Flagler,FL,50436.0,54579.0
Flathead,MT,47965.0,48182.0
Fleming,KY,7155.0,7360.0
Florence,SC,64593.0,73944.0
Florence,WI,2260.0,2094.0
Floyd,GA,46770.0,49701.0
Floyd,IA,7830.0,8074.0
Floyd,IN,37092.0,39389.0
Floyd,KY,18314.0,19133.0
Floyd,TX,2911.0,3042.0
Floyd,VA,7842.0,7752.0
Fluvanna,VA,11928.0,14181.0
Foard,TX,749.0,665.0
Fond du Lac,WI,49962.0,52120.0
Ford,IL,6647.0,6823.0
Ford,KS,17933.0,16725.0
Forest,PA,5972.0,1416.0
Forest,WI,4574.0,4461.0
Forrest,MS,36106.0,39729.0
Forsyth,GA,104886.0,106414.0
Forsyth,NC,174966.0,193396.0
Fort Bend,TX,349697.0,361724.0
Foster,ND,1645.0,1673.0
Fountain,IN,8272.0,8348.0
Franklin,AL,15818.0,15689.0
Franklin,AR,8674.0,9129.0
Franklin,FL,6727.0,4948.0
Franklin,GA,10852.0,11476.0
Franklin,IA,5235.0,5091.0
Franklin,ID,6686.0,6434.0
Franklin,IL,19302.0,20000.0
Franklin,IN,11415.0,11420.0
Franklin,KS,12505.0,13094.0
Franklin,KY,24502.0,25467.0
Franklin,MA,34663.0,36263.0
Franklin,ME,14739.0,15438.0
Franklin,MO,51044.0,51369.0
Franklin,MS,3752.0,4020.0
Franklin,NC,31817.0,32049.0
Franklin,NE,1514.0,1505.0
Franklin,NY,27928.0,23126.0
Franklin,OH,611086.0,642421.0
Franklin,PA,75535.0,77468.0
Franklin,TN,20224.0,21173.0
Franklin,TX,5409.0,5230.0
Franklin,VA,27631.0,28646.0
Franklin,VT,24251.0,24565.0
Franklin,WA,46383.0,42741.0
Franklin,LA,9991.0,10397.0
Frederick,MD,121305.0,124800.0
Frederick,VA,41634.0,42150.0
Freeborn,MN,15312.0,15307.0
Freestone,TX,10224.0,9422.0
Fremont,CO,27073.0,19528.0
Fremont,IA,3453.0,3532.0
Fremont,ID,6685.0,6204.0
Fremont,WY,20206.0,20148.0
Fresno,CA,484667.0,486949.0
Frio,TX,11363.0,7747.0
Frontier,NE,1324.0,1300.0
Fulton,AR,5947.0,6145.0
Fulton,GA,489797.0,520623.0
Fulton,IL,18673.0,17060.0
Fulton,IN,9992.0,10304.0
Fulton,KY,3094.0,3165.0
Fulton,NY,26899.0,27056.0
Fulton,OH,20912.0,21384.0
Fulton,PA,7376.0,7255.0
Furnas,NE,2356.0,2458.0
Gadsden,FL,21869.0,24244.0
Gage,NE,10816.0,10816.0
Gaines,TX,10082.0,9807.0
Gallatin,IL,2475.0,2751.0
Gallatin,KY,4420.0,4232.0
Gallatin,MT,52057.0,48676.0
Gallia,OH,14814.0,15389.0
Galveston,TX,158564.0,162620.0
Garden,NE,960.0,953.0
Garfield,CO,29334.0,28611.0
Garfield,MT,560.0,526.0
Garfield,NE,970.0,988.0
Garfield,OK,30927.0,31494.0
Garfield,UT,2633.0,2387.0
Garfield,WA,1118.0,1108.0
Garland,AR,47269.0,50725.0
Garrard,KY,8442.0,8784.0
Garrett,MD,14618.0,14898.0
Garvin,OK,13765.0,13986.0
Garza,TX,4369.0,2370.0
Gasconade,MO,7371.0,7398.0
Gaston,NC,103191.0,110858.0
Gates,NC,5662.0,5939.0
Geary,KS,19025.0,16771.0
Geauga,OH,46220.0,47675.0
Gem,ID,8331.0,8519.0
Genesee,MI,198115.0,212766.0
Genesee,NY,29199.0,29338.0
Geneva,AL,13008.0,13564.0
Gentry,MO,3225.0,3463.0
George,MS,11894.0,11651.0
Georgetown,SC,28957.0,32108.0
Gibson,IN,16841.0,16755.0
Gibson,TN,23447.0,25775.0
Gila,AZ,26284.0,26861.0
Gilchrist,FL,8983.0,8208.0
Giles,TN,14119.0,14905.0
Giles,VA,8273.0,8594.0
Gillespie,TX,12655.0,13284.0
Gilliam,OR,962.0,948.0
Gilmer,GA,14950.0,14664.0
Gilmer,WV,4912.0,3393.0
Gilpin,CO,3108.0,2685.0
Glacier,MT,6888.0,6789.0
Glades,FL,7479.0,5718.0
Gladwin,MI,12719.0,12605.0
Glascock,GA,1464.0,1563.0
Glasscock,TX,792.0,628.0
Glenn,CA,14213.0,13722.0
Gloucester,NJ,141589.0,149783.0
Gloucester,VA,18278.0,18757.0
Glynn,GA,39362.0,44105.0
Gogebic,MI,8445.0,7132.0
Golden Valley,MT,373.0,374.0
Golden Valley,ND,930.0,962.0
Goliad,TX,3778.0,3732.0
Gonzales,TX,10400.0,10158.0
Goochland,VA,10897.0,11251.0
Goodhue,MN,23014.0,23124.0
Gooding,ID,7737.0,7373.0
Gordon,GA,27913.0,28511.0
Goshen,WY,6967.0,6512.0
Gosper,NE,988.0,1031.0
Gove,KS,1330.0,1302.0
Grady,GA,12247.0,12801.0
Grady,OK,27146.0,27205.0
Grafton,NH,43952.0,45328.0
Graham,AZ,20233.0,17467.0
Graham,KS,1270.0,1291.0
Graham,NC,4212.0,4395.0
Grainger,TN,11383.0,11559.0
Grand,CO,7997.0,6796.0
Grand,UT,4823.0,4721.0
Grand Forks,ND,36438.0,33692.0
Grand Isle,VT,3432.0,3518.0
Grand Traverse,MI,44860.0,46362.0
Granite,MT,1622.0,1584.0
Grant,AR,8829.0,9247.0
Grant,IN,32360.0,35255.0
Grant,KS,4066.0,3650.0
Grant,KY,12266.0,12534.0
Grant,MN,2972.0,2951.0
Grant,ND,1188.0,1199.0
Grant,NE,346.0,336.0
Grant,NM,13940.0,14442.0
Grant,OK,2265.0,2193.0
Grant,OR,3647.0,3562.0
Grant,SD,3652.0,3481.0
Grant,WA,47166.0,46254.0
Grant,WI,26915.0,24827.0
Grant,WV,5844.0,5829.0
Grant,LA,12669.0,9636.0
Granville,NC,29686.0,28817.0
Gratiot,MI,21937.0,19382.0
Graves,KY,18276.0,18983.0
Gray,KS,3004.0,3000.0
Gray,TX,12143.0,10819.0
Grays Harbor,WA,36786.0,34668.0
Grayson,KY,13079.0,13050.0
Grayson,TX,61556.0,64590.0
Grayson,VA,7875.0,7833.0
Greeley,KS,584.0,626.0
Greeley,NE,1203.0,1233.0
Green,KY,5356.0,5688.0
Green,WI,18265.0,18604.0
Green Lake,WI,9405.0,9340.0
Greenbrier,WV,17349.0,18174.0
Greene,AL,4058.0,4475.0
Greene,AR,21806.0,22391.0
Greene,GA,8142.0,8590.0
Greene,IA,4409.0,4637.0
Greene,IL,6682.0,6629.0
Greene,IN,16040.0,16391.0
Greene,MO,139733.0,147026.0
Greene,MS,8077.0,5724.0
Greene,NC,11380.0,9679.0
Greene,NY,24875.0,22916.0
Greene,OH,81014.0,83811.0
Greene,PA,19397.0,17941.0
Greene,TN,33482.0,35038.0
Greene,VA,9387.0,9826.0
Greenlee,AZ,4997.0,4371.0
Greensville,VA,7238.0,4368.0
Greenup,KY,17533.0,18479.0
Greenville,SC,238009.0,252323.0
Greenwood,KS,3121.0,3106.0
Greenwood,SC,32489.0,37492.0
Greer,OK,3463.0,2555.0
Gregg,TX,60366.0,63036.0
Gregory,SD,2156.0,2053.0
Grenada,MS,10097.0,11282.0
Griggs,ND,1153.0,1123.0
Grimes,TX,15070.0,12288.0
Grundy,IA,6117.0,6237.0
Grundy,IL,25154.0,25179.0
Grundy,MO,4937.0,5174.0
Grundy,TN,6575.0,6784.0
Guadalupe,NM,2645.0,1781.0
Guadalupe,TX,74611.0,76278.0
Guernsey,OH,19544.0,19870.0
Guilford,NC,245216.0,271981.0
Gulf,FL,9595.0,6423.0
Gunnison,CO,8795.0,7420.0
Guthrie,IA,5321.0,5343.0
Gwinnett,GA,435401.0,454553.0
Haakon,SD,1047.0,1037.0
Habersham,GA,20824.0,23054.0
Hale,AL,7049.0,7946.0
Hale,TX,17906.0,16621.0
Halifax,NC,25152.0,27148.0
Halifax,VA,16505.0,18525.0
Hall,GA,96103.0,96762.0
Hall,NE,30843.0,30390.0
Hall,TX,1552.0,1550.0
Hamblen,TN,31109.0,32356.0
Hamilton,FL,8228.0,6010.0
Hamilton,IA,7433.0,7768.0
Hamilton,IL,4045.0,4214.0
Hamilton,IN,151395.0,158292.0
Hamilton,KS,1381.0,1240.0
Hamilton,NE,4566.0,4583.0
Hamilton,NY,2387.0,2259.0
Hamilton,OH,389496.0,419207.0
Hamilton,TN,170993.0,183596.0
Hamilton,TX,4062.0,4158.0
Hamlin,SD,3024.0,2887.0
Hampden,MA,226391.0,242797.0
Hampshire,WV,12081.0,11331.0
Hampton,SC,10350.0,9716.0
Hancock,GA,5258.0,3409.0
Hancock,IA,5519.0,5452.0
Hancock,IL,9083.0,9181.0
Hancock,IN,35716.0,37060.0
Hancock,KY,4494.0,4206.0
Hancock,ME,26394.0,28074.0
Hancock,MS,22527.0,23750.0
Hancock,OH,37209.0,38299.0
Hancock,TN,3273.0,3332.0
Hancock,WV,14495.0,15426.0
Hand,SD,1673.0,1630.0
Hanover,VA,50653.0,52565.0
Hansford,TX,2760.0,2772.0
Hanson,SD,1714.0,1690.0
Haralson,GA,13965.0,14757.0
Hardee,FL,14716.0,12610.0
Hardeman,TN,14076.0,11708.0
Hardeman,TX,1950.0,2040.0
Hardin,IA,8634.0,8605.0
Hardin,IL,2171.0,1990.0
Hardin,KY,53731.0,53968.0
Hardin,OH,15620.0,15956.0
Hardin,TN,12669.0,13144.0
Hardin,TX,27365.0,28628.0
Harding,NM,291.0,255.0
Harding,SD,684.0,597.0
Hardy,WV,6846.0,6966.0
Harford,MD,122344.0,127788.0
Harlan,KY,13323.0,14225.0
Harlan,NE,1811.0,1658.0
Harmon,OK,1344.0,1414.0
Harnett,NC,63747.0,65006.0
Harney,OR,3633.0,3562.0
Harper,KS,2928.0,2818.0
Harper,OK,1948.0,1895.0
Harris,GA,16686.0,16512.0
Harris,TX,2251060.0,2274459.0
Harrison,IA,7016.0,7180.0
Harrison,IN,19790.0,19660.0
Harrison,KY,9162.0,9468.0
Harrison,MO,4280.0,4335.0
Harrison,MS,98928.0,101563.0
Harrison,OH,7606.0,7791.0
Harrison,TX,32517.0,34089.0
Harrison,WV,33365.0,35073.0
Hart,GA,12502.0,13033.0
Hart,KY,9138.0,9393.0
Hartford,CT,435729.0,461688.0
Hartley,TX,3524.0,2297.0
Harvey,KS,17016.0,17667.0
Haskell,KS,2015.0,2066.0
Haskell,OK,6323.0,6423.0
Haskell,TX,3247.0,2559.0
Hawaii,HI,97677.0,98648.0
Hawkins,TN,27525.0,28877.0
Hayes,NE,494.0,463.0
Hays,TX,96973.0,97870.0
Haywood,NC,29008.0,30846.0
Haywood,TN,8404.0,9540.0
Heard,GA,5762.0,5845.0
Hemphill,TX,1976.0,2176.0
Hempstead,AR,10380.0,11774.0
Henderson,IL,3404.0,3523.0
Henderson,KY,22409.0,23843.0
Henderson,NC,54226.0,57930.0
Henderson,TN,13446.0,14443.0
Henderson,TX,38840.0,40847.0
Hendricks,IN,78924.0,79246.0
Hendry,FL,20716.0,18348.0
Hennepin,MN,604629.0,620134.0
Henrico,VA,153299.0,170774.0
Henry,AL,8208.0,8902.0
Henry,GA,104175.0,113331.0
Henry,IA,10099.0,9766.0
Henry,IL,24610.0,25039.0
Henry,IN,25252.0,23397.0
Henry,KY,7715.0,7962.0
Henry,MO,10783.0,11051.0
Henry,OH,13558.0,13905.0
Henry,TN,15627.0,16636.0
Henry,VA,25038.0,26918.0
Herkimer,NY,31103.0,31840.0
Hernando,FL,85782.0,93362.0
Hertford,NC,12026.0,12236.0
Hettinger,ND,1242.0,1359.0
Hickman,KY,2156.0,2469.0
Hickman,TN,12830.0,11672.0
Hickory,MO,4547.0,4805.0
Hidalgo,NM,2179.0,2267.0
Hidalgo,TX,410383.0,429156.0
Highland,OH,21262.0,21769.0
Highland,VA,1020.0,1193.0
Highlands,FL,48518.0,51659.0
Hill,MT,8332.0,8136.0
Hill,TX,17374.0,17724.0
Hillsborough,FL,658639.0,692448.0
Hillsborough,NH,201775.0,204596.0
Hillsdale,MI,22902.0,23007.0
Hinds,MS,113633.0,129616.0
Hinsdale,CO,384.0,436.0
Hitchcock,NE,1423.0,1437.0
Hocking,OH,14122.0,14425.0
Hockley,TX,11505.0,11768.0
Hodgeman,KS,935.0,940.0
Hoke,NC,25993.0,26578.0
Holmes,FL,10449.0,9034.0
Holmes,MS,8707.0,9560.0
Holmes,OH,21874.0,21934.0
Holt,MO,2239.0,2260.0
Holt,NE,5157.0,5136.0
Honolulu,HI,498993.0,491067.0
Hood,TX,27199.0,28219.0
Hood River,OR,11512.0,11426.0
Hooker,NE,315.0,369.0
Hopkins,KY,22353.0,23632.0
Hopkins,TX,17643.0,18286.0
Horry,SC,150251.0,159935.0
Hot Spring,AR,17294.0,16186.0
Hot Springs,WY,2404.0,2337.0
Houghton,MI,19713.0,16620.0
Houston,AL,49905.0,54203.0
Houston,GA,73081.0,77260.0
Houston,MN,9371.0,9338.0
Houston,TN,4106.0,4082.0
Houston,TX,12274.0,10575.0
Howard,AR,6582.0,6890.0
Howard,IA,4677.0,4644.0
Howard,IN,39889.0,42568.0
Howard,MD,152843.0,159652.0
Howard,MO,5069.0,5075.0
Howard,NE,3212.0,3173.0
Howard,TX,20588.0,15903.0
Howell,MO,19656.0,20483.0
Hubbard,MN,10411.0,10332.0
Hudson,NJ,337345.0,342411.0
Hudspeth,TX,1841.0,1861.0
Huerfano,CO,3230.0,3268.0
Hughes,OK,7252.0,6267.0
Hughes,SD,8599.0,8973.0
Humboldt,CA,67508.0,67982.0
Humboldt,IA,4665.0,4921.0
Humboldt,NV,8879.0,8209.0
Humphreys,MS,4108.0,4570.0
Humphreys,TN,8985.0,9296.0
Hunt,TX,44432.0,45890.0
Hunterdon,NJ,62901.0,62816.0
Huntingdon,PA,24129.0,21557.0
Huntington,IN,17917.0,18603.0
Huron,MI,15777.0,15973.0
Huron,OH,28837.0,29660.0
Hutchinson,SD,3616.0,3661.0
Hutchinson,TX,10838.0,10866.0
Hyde,NC,2918.0,2589.0
Hyde,SD,686.0,687.0
Iberia,LA,35791.0,37555.0
Iberville,LA,16772.0,16350.0
Ida,IA,3478.0,3487.0
Idaho,ID,8509.0,7766.0
Imperial,CA,91963.0,87994.0
Independence,AR,18054.0,19043.0
Indian River,FL,71064.0,76917.0
Indiana,PA,43449.0,43102.0
Ingham,MI,139183.0,147002.0
Inyo,CA,9172.0,9023.0
Ionia,MI,34130.0,30017.0
Iosco,MI,12570.0,12747.0
Iowa,IA,8009.0,8222.0
Iowa,WI,11870.0,11706.0
Iredell,NC,83570.0,86228.0
Irion,TX,853.0,739.0
Iron,MI,5576.0,5715.0
Iron,MO,5114.0,5172.0
Iron,UT,24108.0,24396.0
Iron,WI,2923.0,2825.0
Iroquois,IL,13878.0,14579.0
Irwin,GA,4767.0,4511.0
Isabella,MI,34338.0,36234.0
Isanti,MN,19491.0,19093.0
Island,WA,40020.0,40303.0
Isle of Wight,VA,17651.0,18439.0
Issaquena,MS,761.0,535.0
Itasca,MN,22941.0,22296.0
Itawamba,MS,11651.0,11788.0
Izard,AR,6971.0,6550.0
Jack,TX,4973.0,3866.0
Jackson,AL,25712.0,26614.0
Jackson,AR,8575.0,8854.0
Jackson,CO,676.0,696.0
Jackson,FL,26887.0,21684.0
Jackson,GA,31539.0,32312.0
Jackson,IA,9639.0,9770.0
Jackson,IL,29460.0,29655.0
Jackson,IN,21861.0,21918.0
Jackson,KS,6641.0,6681.0
Jackson,KY,6657.0,6712.0
Jackson,MI,81200.0,77789.0
Jackson,MN,5097.0,5007.0
Jackson,MO,332936.0,355618.0
Jackson,MS,69696.0,71618.0
Jackson,NC,20395.0,21330.0
Jackson,OH,15953.0,16671.0
Jackson,OK,12735.0,12839.0
Jackson,OR,103422.0,108648.0
Jackson,SD,1659.0,1616.0
Jackson,TN,5827.0,5746.0
Jackson,TX,7214.0,7542.0
Jackson,WI,10952.0,9579.0
Jackson,WV,14440.0,14683.0
Jackson,LA,8086.0,7866.0
James City,VA,35265.0,37763.0
Jasper,GA,6688.0,7044.0
Jasper,IA,18797.0,17992.0
Jasper,IL,4776.0,4832.0
Jasper,IN,16568.0,16880.0
Jasper,MO,57694.0,60828.0
Jasper,MS,8008.0,8539.0
Jasper,SC,14058.0,13407.0
Jasper,TX,17420.0,18024.0
Jay,IN,10360.0,10747.0
Jeff Davis,GA,7403.0,7596.0
Jeff Davis,TX,1070.0,1166.0
Jefferson,AL,312333.0,347127.0
Jefferson,AR,35154.0,36219.0
Jefferson,CO,280635.0,283394.0
Jefferson,FL,7554.0,6531.0
Jefferson,GA,7691.0,8263.0
Jefferson,IA,9511.0,8434.0
Jefferson,ID,13911.0,13499.0
Jefferson,IL,19691.0,18667.0
Jefferson,IN,15417.0,16876.0
Jefferson,KS,9556.0,9300.0
Jefferson,KY,369391.0,394987.0
Jefferson,MO,110772.0,111867.0
Jefferson,MS,3671.0,3792.0
Jefferson,MT,5955.0,5670.0
Jefferson,NE,3511.0,3765.0
Jefferson,NY,61385.0,55182.0
Jefferson,OH,32579.0,34770.0
Jefferson,OK,3158.0,3112.0
Jefferson,OR,11605.0,11102.0
Jefferson,PA,21963.0,22295.0
Jefferson,TN,25886.0,27001.0
Jefferson,TX,130404.0,124170.0
Jefferson,WA,14981.0,15543.0
Jefferson,WI,42282.0,42304.0
Jefferson,WV,27488.0,28185.0
Jefferson Davis,MS,5671.0,5968.0
Jefferson Davis,LA,15431.0,15974.0
Jefferson,LA,212326.0,224712.0
Jenkins,GA,4273.0,4656.0
Jennings,IN,13983.0,13857.0
Jerauld,SD,955.0,1079.0
Jerome,ID,11619.0,11420.0
Jersey,IL,10855.0,11360.0
Jessamine,KY,25213.0,26454.0
Jewell,KS,1488.0,1475.0
Jim Hogg,TX,2623.0,2639.0
Jim Wells,TX,20134.0,21184.0
Jo Daviess,IL,11081.0,10965.0
Johnson,AR,12977.0,13178.0
Johnson,GA,5476.0,4324.0
Johnson,IA,71463.0,72962.0
Johnson,IL,7342.0,5557.0
Johnson,IN,73340.0,76019.0
Johnson,KS,283504.0,295293.0
Johnson,KY,11314.0,11750.0
Johnson,MO,27891.0,26050.0
Johnson,NE,3087.0,2113.0
Johnson,TN,9625.0,8221.0
Johnson,TX,79887.0,80286.0
Johnson,WY,4548.0,4014.0
Johnston,NC,91408.0,94900.0
Johnston,OK,5482.0,5557.0
Jones,GA,13864.0,14676.0
Jones,IA,10528.0,9940.0
Jones,MS,33332.0,34996.0
Jones,NC,4771.0,5005.0
Jones,SD,375.0,365.0
Jones,TX,12658.0,7311.0
Josephine,OR,41320.0,43194.0
Juab,UT,5491.0,5203.0
Judith Basin,MT,1047.0,918.0
Juneau,WI,14008.0,12419.0
Juniata,PA,12210.0,12238.0
Kalamazoo,MI,127247.0,132583.0
Kalkaska,MI,8874.0,8484.0
Kanabec,MN,8101.0,7847.0
Kanawha,WV,90415.0,97412.0
Kandiyohi,MN,21398.0,21179.0
Kane,IL,263392.0,266010.0
Kane,UT,3656.0,3590.0
Kankakee,IL,54425.0,56376.0
Karnes,TX,8960.0,6091.0
Kauai,HI,35337.0,35756.0
Kaufman,TX,56347.0,58505.0
Kay,OK,22375.0,22798.0
Kearney,NE,3229.0,3318.0
Kearny,KS,1918.0,2013.0
Keith,NE,4121.0,4008.0
Kemper,MS,4970.0,5112.0
Kendall,IL,60801.0,62132.0
Kendall,TX,19568.0,20738.0
Kenedy,TX,280.0,284.0
Kenosha,WI,83033.0,84853.0
Kent,DE,83544.0,89601.0
Kent,MD,9426.0,10240.0
Kent,MI,313134.0,323242.0
Kent,TX,311.0,369.0
Kenton,KY,81047.0,82940.0
Keokuk,IA,5196.0,5027.0
Kern,CA,450393.0,428351.0
Kerr,TX,24563.0,26198.0
Kershaw,SC,30877.0,32857.0
Kewaunee,WI,10331.0,10047.0
Keweenaw,MI,1099.0,1037.0
Keya Paha,NE,368.0,352.0
Kidder,ND,1316.0,1141.0
Kimball,NE,1840.0,1848.0
Kimble,TX,2140.0,2292.0
King,TX,150.0,139.0
King,WA,1058695.0,1059424.0
King George,VA,12839.0,12725.0
King William,VA,8108.0,8221.0
King and Queen,VA,3524.0,3528.0
Kingfisher,OK,7669.0,7841.0
Kingman,KS,3835.0,3741.0
Kings,CA,82982.0,67201.0
Kings,NY,1247773.0,1387348.0
Kingsbury,SD,2527.0,2473.0
Kinney,TX,2234.0,1397.0
Kiowa,CO,687.0,681.0
Kiowa,KS,1230.0,1294.0
Kiowa,OK,4493.0,4634.0
Kit Carson,CO,4392.0,3454.0
Kitsap,WA,132104.0,126799.0
Kittitas,WA,22039.0,21687.0
Kittson,MN,2226.0,2158.0
Klamath,OR,32995.0,33023.0
Kleberg,TX,16290.0,15250.0
Klickitat,WA,10572.0,10600.0
Knott,KY,7806.0,7884.0
Knox,IL,26079.0,25295.0
Knox,IN,19265.0,18498.0
Knox,KY,15233.0,16191.0
Knox,ME,19601.0,20099.0
Knox,MO,2010.0,1966.0
Knox,NE,4147.0,4349.0
Knox,OH,29830.0,31115.0
Knox,TN,219839.0,232447.0
Knox,TX,1879.0,1874.0
Koochiching,MN,6384.0,6392.0
Kootenai,ID,74161.0,75967.0
Kosciusko,IN,39206.0,39514.0
Kossuth,IA,7598.0,7568.0
La Crosse,WI,57373.0,60209.0
La Paz,AZ,10530.0,9947.0
La Plata,CO,27424.0,27045.0
La Salle,TX,4347.0,3071.0
LaGrange,IN,19659.0,19061.0
LaMoure,ND,2129.0,1977.0
LaPorte,IN,57212.0,53627.0
LaSalle,IL,55819.0,55332.0
Labette,KS,10142.0,10411.0
Lac qui Parle,MN,3411.0,3429.0
Lackawanna,PA,102652.0,109308.0
Laclede,MO,17562.0,17926.0
Lafayette,AR,3460.0,3591.0
Lafayette,FL,5104.0,3580.0
Lafayette,MO,16121.0,16534.0
Lafayette,MS,25611.0,27133.0
Lafayette,WI,8485.0,8270.0
Lafayette,LA,116361.0,121869.0
Lafourche,LA,48235.0,49877.0
Lake,CA,31788.0,32307.0
Lake,CO,4079.0,3402.0
Lake,FL,157897.0,168318.0
Lake,IL,351847.0,352629.0
Lake,IN,236337.0,252357.0
Lake,MI,5965.0,5704.0
Lake,MN,5426.0,5152.0
Lake,MT,14595.0,14923.0
Lake,OH,112214.0,117487.0
Lake,OR,4165.0,3642.0
Lake,SD,6387.0,5963.0
Lake,TN,4761.0,2827.0
Lake of the Woods,MN,2016.0,1825.0
Lamar,AL,6875.0,7146.0
Lamar,GA,8800.0,9482.0
Lamar,MS,29006.0,31511.0
Lamar,TX,23876.0,25525.0
Lamb,TX,6832.0,6536.0
Lampasas,TX,10144.0,10329.0
Lancaster,NE,153788.0,152569.0
Lancaster,PA,262686.0,273808.0
Lancaster,SC,42328.0,44216.0
Lancaster,VA,5013.0,5835.0
Lander,NV,3276.0,2611.0
Lane,KS,864.0,838.0
Lane,OR,179116.0,184355.0
Langlade,WI,9709.0,9481.0
Lanier,GA,5208.0,5180.0
Lapeer,MI,44663.0,43542.0
Laramie,WY,49218.0,47813.0
Larimer,CO,164920.0,166056.0
Larue,KY,6976.0,7126.0
Las Animas,CO,7323.0,6828.0
Lassen,CA,20786.0,10684.0
Latah,ID,19813.0,18884.0
Latimer,OK,5387.0,5234.0
Lauderdale,AL,44263.0,48327.0
Lauderdale,MS,38002.0,40219.0
Lauderdale,TN,13524.0,12973.0
Laurel,KY,29162.0,30739.0
Laurens,GA,22542.0,24909.0
Laurens,SC,32342.0,34166.0
Lavaca,TX,9596.0,10263.0
Lawrence,AL,16164.0,17124.0
Lawrence,AR,8285.0,8492.0
Lawrence,IL,9034.0,7423.0
Lawrence,IN,22621.0,23048.0
Lawrence,KY,7900.0,7944.0
Lawrence,MO,19072.0,19059.0
Lawrence,MS,6150.0,6509.0
Lawrence,OH,29977.0,31080.0
Lawrence,PA,42663.0,45568.0
Lawrence,SD,12441.0,12577.0
Lawrence,TN,20989.0,21602.0
Le Flore,OK,25028.0,24832.0
Le Sueur,MN,14086.0,13724.0
Lea,NM,35804.0,33701.0
Leake,MS,11534.0,11402.0
Leavenworth,KS,42581.0,36778.0
Lebanon,PA,67390.0,70226.0
Lee,AL,77172.0,79425.0
Lee,AR,5455.0,4159.0
Lee,FL,342731.0,357434.0
Lee,GA,14524.0,14692.0
Lee,IA,17553.0,17232.0
Lee,IL,18375.0,16295.0
Lee,KY,3375.0,3342.0
Lee,MS,40635.0,44205.0
Lee,NC,29055.0,30750.0
Lee,SC,9246.0,8651.0
Lee,TX,8476.0,8374.0
Lee,VA,12792.0,11636.0
Leelanau,MI,10681.0,10883.0
Leflore,MS,14013.0,16100.0
Lehigh,PA,176067.0,184707.0
Lemhi,ID,3906.0,3849.0
Lenawee,MI,49929.0,48656.0
Lenoir,NC,27701.0,30233.0
Leon,FL,135980.0,149910.0
Leon,TX,8485.0,8481.0
Leslie,KY,5325.0,5323.0
Letcher,KY,11267.0,11744.0
Levy,FL,19415.0,20298.0
Lewis,ID,1918.0,1906.0
Lewis,KY,6748.0,6817.0
Lewis,MO,5081.0,4997.0
Lewis,NY,13525.0,13320.0
Lewis,TN,5864.0,6080.0
Lewis,WA,37884.0,38128.0
Lewis,WV,8198.0,8173.0
Lewis and Clark,MT,32898.0,33392.0
Lexington,SC,137467.0,144403.0
Liberty,FL,5216.0,3131.0
Liberty,GA,31466.0,30654.0
Liberty,MT,1144.0,1101.0
Liberty,TX,39491.0,40393.0
Licking,OH,83575.0,87103.0
Limestone,AL,45889.0,45806.0
Limestone,TX,12071.0,11409.0
Lincoln,AR,8643.0,5242.0
Lincoln,CO,3522.0,1998.0
Lincoln,GA,3651.0,4117.0
Lincoln,ID,2735.0,2561.0
Lincoln,KS,1555.0,1566.0
Lincoln,KY,11960.0,12453.0
Lincoln,ME,16599.0,17422.0
Lincoln,MN,2882.0,2842.0
Lincoln,MO,27365.0,27435.0
Lincoln,MS,16495.0,18047.0
Lincoln,MT,9634.0,9615.0
Lincoln,NC,39867.0,40637.0
Lincoln,NE,17490.0,18079.0
Lincoln,NM,9399.0,10098.0
Lincoln,NV,2780.0,2423.0
Lincoln,OK,17278.0,17481.0
Lincoln,OR,22779.0,24528.0
Lincoln,SD,26250.0,26897.0
Lincoln,TN,16488.0,17055.0
Lincoln,WA,5264.0,5080.0
Lincoln,WI,14053.0,13941.0
Lincoln,WV,10644.0,10597.0
Lincoln,WY,9630.0,9161.0
Lincoln,LA,23206.0,24330.0
Linn,IA,108534.0,111474.0
Linn,KS,4793.0,4809.0
Linn,MO,5907.0,6341.0
Linn,OR,59757.0,61317.0
Lipscomb,TX,1880.0,1615.0
Litchfield,CT,91198.0,93256.0
Little River,AR,6157.0,6337.0
Live Oak,TX,6548.0,5495.0
Livingston,IL,18890.0,17922.0
Livingston,KY,4587.0,4701.0
Livingston,MI,93729.0,93217.0
Livingston,MO,6805.0,8220.0
Livingston,NY,32269.0,32104.0
Livingston,LA,67159.0,69937.0
Llano,TX,9848.0,10347.0
Logan,AR,10764.0,11038.0
Logan,CO,11723.0,10162.0
Logan,IL,14420.0,15068.0
Logan,KS,1396.0,1394.0
Logan,KY,13131.0,13716.0
Logan,ND,993.0,939.0
Logan,NE,471.0,448.0
Logan,OH,22419.0,22904.0
Logan,OK,22593.0,22733.0
Logan,WV,16994.0,17434.0
Long,GA,8746.0,9111.0
Lonoke,AR,35222.0,36346.0
Lorain,OH,150419.0,154986.0
Los Alamos,NM,9135.0,8896.0
Los Angeles,CA,4979641.0,5126081.0
Loudon,TN,24934.0,26090.0
Loudoun,VA,185575.0,188983.0
Louisa,IA,5743.0,5495.0
Louisa,VA,17007.0,17806.0
Loup,NE,260.0,277.0
Love,OK,4850.0,4993.0
Loving,TX,39.0,35.0
Lowndes,AL,4896.0,5466.0
Lowndes,GA,55796.0,58145.0
Lowndes,MS,28531.0,31027.0
Lubbock,TX,147080.0,150962.0
Lucas,IA,4343.0,4257.0
Lucas,OH,210162.0,223242.0
Luce,MI,3753.0,2653.0
Lumpkin,GA,15502.0,16065.0
Luna,NM,12057.0,12262.0
Lunenburg,VA,6367.0,6002.0
Luzerne,PA,156922.0,161300.0
Lycoming,PA,56644.0,58754.0
Lyman,SD,2024.0,1858.0
Lynn,TX,2957.0,2828.0
Lyon,IA,6011.0,5734.0
Lyon,KS,16165.0,17137.0
Lyon,KY,4581.0,3687.0
Lyon,MN,12902.0,12887.0
Lyon,NV,26400.0,25903.0
Mackinac,MI,5474.0,5362.0
Macomb,MI,420439.0,443580.0
Macon,AL,8933.0,10425.0
Macon,GA,7563.0,6112.0
Macon,IL,51439.0,56148.0
Macon,MO,7601.0,7718.0
Macon,NC,16467.0,17693.0
Macon,TN,11381.0,11858.0
Macoupin,IL,22691.0,23269.0
Madera,CA,74583.0,79857.0
Madison,AL,172568.0,180645.0
Madison,AR,8005.0,7902.0
Madison,FL,9804.0,8714.0
Madison,GA,14345.0,14255.0
Madison,IA,7870.0,7850.0
Madison,ID,19272.0,18969.0
Madison,IL,129987.0,136166.0
Madison,IN,64805.0,64836.0
Madison,KY,42976.0,45400.0
Madison,MO,6004.0,6222.0
Madison,MS,48966.0,53246.0
Madison,MT,4070.0,3832.0
Madison,NC,10564.0,10783.0
Madison,NE,17437.0,17625.0
Madison,NY,35413.0,36347.0
Madison,OH,23892.0,19840.0
Madison,TN,46449.0,51438.0
Madison,TX,8649.0,5330.0
Madison,VA,6369.0,6739.0
Madison,LA,5786.0,5830.0
Magoffin,KY,6436.0,6347.0
Mahaska,IA,11293.0,11008.0
Mahnomen,MN,2767.0,2733.0
Mahoning,OH,112946.0,118911.0
Major,OK,3836.0,3894.0
Malheur,OR,16514.0,13907.0
Manatee,FL,175761.0,187781.0
Manistee,MI,12697.0,11735.0
Manitowoc,WI,39612.0,40068.0
Marathon,WI,68001.0,67292.0
Marengo,AL,9235.0,10508.0
Maricopa,AZ,2055464.0,2100037.0
Maries,MO,4496.0,4463.0
Marin,CA,127423.0,133391.0
Marinette,WI,20459.0,20253.0
Marion,AL,14880.0,15178.0
Marion,AR,8050.0,8324.0
Marion,FL,164984.0,178794.0
Marion,GA,4207.0,4351.0
Marion,IA,16341.0,16786.0
Marion,IL,18781.0,19524.0
Marion,IN,452538.0,487426.0
Marion,KS,5997.0,6090.0
Marion,KY,9799.0,9536.0
Marion,MO,13841.0,14862.0
Marion,MS,12421.0,13045.0
Marion,OH,34853.0,30630.0
Marion,OR,164623.0,165830.0
Marion,SC,14675.0,17090.0
Marion,TN,13830.0,14525.0
Marion,TX,5025.0,5115.0
Marion,WV,27818.0,28757.0
Mariposa,CA,8863.0,8795.0
Marlboro,SC,14565.0,12940.0
Marquette,MI,33898.0,33247.0
Marquette,WI,7699.0,7465.0
Marshall,AL,46771.0,47967.0
Marshall,IA,20400.0,20076.0
Marshall,IL,5938.0,5987.0
Marshall,IN,23252.0,23500.0
Marshall,KS,4937.0,4922.0
Marshall,KY,15319.0,15858.0
Marshall,MN,4761.0,4636.0
Marshall,MS,17793.0,18188.0
Marshall,OK,8049.0,8177.0
Marshall,SD,2477.0,2282.0
Marshall,TN,15700.0,16053.0
Marshall,WV,15780.0,16226.0
Martin,FL,77098.0,78621.0
Martin,IN,5146.0,5073.0
Martin,KY,6744.0,5431.0
Martin,MN,10015.0,10069.0
Martin,NC,10910.0,12317.0
Martin,TX,2856.0,2691.0
Mason,IL,6948.0,6956.0
Mason,KY,8429.0,8738.0
Mason,MI,14284.0,14516.0
Mason,TX,2200.0,1922.0
Mason,WA,31695.0,29874.0
Mason,WV,13010.0,13990.0
Massac,IL,7017.0,7577.0
Matagorda,TX,18249.0,18495.0
Mathews,VA,4229.0,4601.0
Maui,HI,81933.0,82161.0
Maury,TN,42201.0,45405.0
Maverick,TX,28522.0,28949.0
Mayes,OK,20424.0,20505.0
McClain,OK,18800.0,19119.0
McCone,MT,923.0,805.0
McCook,SD,2784.0,2731.0
McCormick,SC,5440.0,4254.0
McCracken,KY,31169.0,34116.0
McCreary,KY,9710.0,8038.0
McCulloch,TX,4171.0,3974.0
McCurtain,OK,16268.0,16758.0
McDonald,MO,11613.0,11140.0
McDonough,IL,15563.0,16034.0
McDowell,NC,22706.0,22363.0
McDowell,WV,10178.0,9529.0
McDuffie,GA,10028.0,11460.0
McHenry,IL,153503.0,154540.0
McHenry,ND,3091.0,2860.0
McIntosh,GA,6896.0,7165.0
McIntosh,ND,1310.0,1370.0
McIntosh,OK,9812.0,10062.0
McKean,PA,21802.0,20268.0
McKenzie,ND,6243.0,5436.0
McKinley,NM,35209.0,37640.0
McLean,IL,84327.0,88904.0
McLean,KY,4657.0,4704.0
McLean,ND,4974.0,4633.0
McLennan,TX,119894.0,125826.0
McLeod,MN,17850.0,17966.0
McMinn,TN,25630.0,26939.0
McMullen,TX,321.0,279.0
McNairy,TN,12672.0,13273.0
McPherson,KS,14238.0,14554.0
McPherson,NE,221.0,211.0
McPherson,SD,1180.0,1186.0
Meade,KS,2163.0,2132.0
Meade,KY,14477.0,13975.0
Meade,SD,14134.0,12932.0
Meagher,MT,972.0,1028.0
Mecklenburg,NC,497122.0,537168.0
Mecklenburg,VA,14944.0,16015.0
Mecosta,MI,21802.0,21379.0
Medina,OH,87232.0,89130.0
Medina,TX,25073.0,23475.0
Meeker,MN,11697.0,11408.0
Meigs,OH,11517.0,11717.0
Meigs,TN,5767.0,6063.0
Mellette,SD,1017.0,1045.0
Menard,IL,6080.0,6336.0
Menard,TX,1159.0,964.0
Mendocino,CA,43668.0,43829.0
Menifee,KY,3382.0,2999.0
Menominee,MI,11834.0,11555.0
Menominee,WI,2258.0,2248.0
Merced,CA,135045.0,132345.0
Mercer,IL,7830.0,7964.0
Mercer,KY,10652.0,10726.0
Mercer,MO,1835.0,1834.0
Mercer,ND,4451.0,4186.0
Mercer,NJ,182693.0,190669.0
Mercer,OH,20484.0,20239.0
Mercer,PA,55992.0,57631.0
Mercer,WV,29134.0,31829.0
Meriwether,GA,10134.0,11018.0
Merrick,NE,3898.0,3931.0
Merrimack,NH,72864.0,75094.0
Mesa,CO,73478.0,75320.0
Metcalfe,KY,4930.0,5060.0
Miami,IN,19016.0,17019.0
Miami,KS,16160.0,16816.0
Miami,OH,51484.0,52597.0
Miami-Dade,FL,1311997.0,1390605.0
Middlesex,NJ,412127.0,425161.0
Middlesex,VA,5279.0,5431.0
Midland,MI,40954.0,42535.0
Midland,TX,80338.0,79545.0
Mifflin,PA,22748.0,23704.0
Milam,TX,12194.0,12285.0
Millard,UT,6462.0,6189.0
Mille Lacs,MN,12847.0,12788.0
Miller,AR,21581.0,22179.0
Miller,GA,2885.0,2999.0
Miller,MO,12291.0,12656.0
Mills,IA,7487.0,7446.0
Mills,TX,2275.0,2612.0
Milwaukee,WI,462784.0,493802.0
Miner,SD,1167.0,1088.0
Mineral,CO,433.0,401.0
Mineral,MT,2121.0,2073.0
Mineral,NV,2165.0,2306.0
Mineral,WV,13673.0,13748.0
Mingo,WV,12190.0,12960.0
Minidoka,ID,10304.0,10144.0
Minnehaha,SD,92360.0,91300.0
Missaukee,MI,7634.0,7348.0
Mississippi,AR,21030.0,22504.0
Mississippi,MO,7495.0,6421.0
Missoula,MT,57590.0,56641.0
Mitchell,GA,11748.0,10826.0
Mitchell,IA,5288.0,5375.0
Mitchell,KS,3199.0,3031.0
Mitchell,NC,7433.0,7722.0
Mitchell,TX,5417.0,3357.0
Mobile,AL,197968.0,216360.0
Modoc,CA,4659.0,4358.0
Moffat,CO,6772.0,6284.0
Mohave,AZ,103175.0,101516.0
Moniteau,MO,8350.0,7554.0
Monmouth,NJ,305192.0,322359.0
Mono,CA,7433.0,6625.0
Monona,IA,4388.0,4477.0
Monongalia,WV,53632.0,50083.0
Monroe,AL,10355.0,11390.0
Monroe,AR,3435.0,3985.0
Monroe,FL,40218.0,36527.0
Monroe,GA,13475.0,13320.0
Monroe,IA,4029.0,3883.0
Monroe,IL,16585.0,17154.0
Monroe,IN,72005.0,72431.0
Monroe,KY,5322.0,5323.0
Monroe,MI,73905.0,75714.0
Monroe,MO,4390.0,4286.0
Monroe,MS,17148.0,18819.0
Monroe,NY,361649.0,387031.0
Monroe,OH,7140.0,7099.0
Monroe,PA,82610.0,84696.0
Monroe,TN,22571.0,23127.0
Monroe,WI,22893.0,22410.0
Monroe,WV,6678.0,6839.0
Montague,TX,9512.0,9894.0
Montcalm,MI,32441.0,30515.0
Monterey,CA,221016.0,212152.0
Montezuma,CO,12664.0,13106.0
Montgomery,AL,107470.0,119650.0
Montgomery,AR,4487.0,4572.0
Montgomery,GA,4593.0,4369.0
Montgomery,IA,4931.0,5308.0
Montgomery,IL,15199.0,13974.0
Montgomery,IN,19432.0,18856.0
Montgomery,KS,16580.0,16883.0
Montgomery,KY,13645.0,13905.0
Montgomery,MD,501571.0,537627.0
Montgomery,MO,5798.0,5820.0
Montgomery,MS,4769.0,5540.0
Montgomery,NC,13584.0,13861.0
Montgomery,NY,24352.0,25148.0
Montgomery,OH,256138.0,275849.0
Montgomery,PA,397990.0,420687.0
Montgomery,TN,96196.0,95924.0
Montgomery,TX,265034.0,270153.0
Montgomery,VA,50448.0,47244.0
Montmorency,MI,4711.0,4579.0
Montour,PA,8858.0,9444.0
Montrose,CO,20182.0,20726.0
Moody,SD,3312.0,3184.0
Moore,NC,45332.0,48859.0
Moore,TN,3108.0,3194.0
Moore,TX,11466.0,10550.0
Mora,NM,2286.0,2319.0
Morehouse,LA,12505.0,13785.0
Morgan,AL,58761.0,60396.0
Morgan,CO,13997.0,14126.0
Morgan,GA,8558.0,9455.0
Morgan,IL,17319.0,17123.0
Morgan,IN,34307.0,35226.0
Morgan,KY,7397.0,5884.0
Morgan,MO,10028.0,10069.0
Morgan,OH,7395.0,7378.0
Morgan,TN,12088.0,9551.0
Morgan,UT,5617.0,5397.0
Morgan,WV,8623.0,8887.0
Morrill,NE,2460.0,2443.0
Morris,KS,2752.0,2853.0
Morris,NJ,244480.0,254367.0
Morris,TX,6022.0,6508.0
Morrison,MN,16616.0,16264.0
Morrow,OH,17467.0,17468.0
Morrow,OR,5724.0,5429.0
Morton,KS,1534.0,1397.0
Morton,ND,15395.0,14664.0
Motley,TX,575.0,539.0
Moultrie,IL,7173.0,7538.0
Mountrail,ND,5519.0,4467.0
Mower,MN,19742.0,19644.0
Muhlenberg,KY,15763.0,15390.0
Multnomah,OR,390542.0,397917.0
Murray,GA,19397.0,20047.0
Murray,MN,4178.0,4216.0
Murray,OK,6918.0,6879.0
Muscatine,IA,21256.0,21667.0
Muscogee,GA,97309.0,101338.0
Muskegon,MI,85918.0,86789.0
Muskingum,OH,41718.0,44215.0
Muskogee,OK,33978.0,35493.0
Musselshell,MT,2368.0,2398.0
Nacogdoches,TX,31297.0,34114.0
Nance,NE,1764.0,1805.0
Nantucket,MA,5804.0,5108.0
Napa,CA,70311.0,70694.0
Nash,NC,45178.0,48947.0
Nassau,FL,38706.0,39729.0
Nassau,NY,661718.0,701351.0
Natchitoches,LA,18610.0,20441.0
Natrona,WY,41061.0,39962.0
Navajo,AZ,54037.0,53865.0
Navarro,TX,23726.0,24513.0
Nelson,KY,22276.0,22855.0
Nelson,ND,1530.0,1441.0
Nelson,VA,7224.0,7639.0
Nemaha,KS,5083.0,5012.0
Nemaha,NE,3476.0,3565.0
Neosho,KS,7935.0,8274.0
Neshoba,MS,14095.0,15342.0
Ness,KS,1527.0,1474.0
Nevada,AR,4444.0,4084.0
Nevada,CA,48732.0,50106.0
New Castle,DE,268818.0,286218.0
New Hanover,NC,105213.0,114653.0
New Haven,CT,415863.0,446264.0
New Kent,VA,10309.0,10214.0
New London,CT,135581.0,135191.0
New Madrid,MO,8681.0,9349.0
New York,NY,782142.0,871735.0
Newaygo,MI,24036.0,23863.0
Newberry,SC,18494.0,19420.0
Newport,RI,40952.0,42252.0
Newton,AR,3979.0,3919.0
Newton,GA,49940.0,55102.0
Newton,IN,7041.0,7015.0
Newton,MO,28926.0,29311.0
Newton,MS,10043.0,11394.0
Newton,TX,7436.0,6751.0
Nez Perce,ID,19811.0,20203.0
Niagara,NY,103592.0,109083.0
Nicholas,KY,3362.0,3699.0
Nicholas,WV,12515.0,12981.0
Nicollet,MN,16748.0,16729.0
Niobrara,WY,1098.0,1381.0
Noble,IN,23797.0,23624.0
Noble,OH,8626.0,5872.0
Noble,OK,5599.0,5822.0
Nobles,MN,11219.0,10635.0
Nodaway,MO,11302.0,11442.0
Nolan,TX,7629.0,7361.0
Norfolk,MA,333237.0,361152.0
Norman,MN,3337.0,3252.0
Northampton,NC,9944.0,10482.0
Northampton,PA,147829.0,153112.0
Northampton,VA,5737.0,6261.0
Northumberland,PA,46851.0,46187.0
Northumberland,VA,6051.0,6203.0
Norton,KS,3127.0,2400.0
Nottoway,VA,8415.0,7122.0
Nowata,OK,5150.0,5298.0
Noxubee,MS,5206.0,5736.0
Nuckolls,NE,2163.0,2155.0
Nueces,TX,176836.0,181648.0
Nye,NV,21789.0,21507.0
O'Brien,IA,6979.0,6965.0
Oakland,MI,605231.0,636629.0
Obion,TN,14679.0,15980.0
Ocean,NJ,283959.0,305740.0
Oceana,MI,13323.0,12994.0
Ochiltree,TX,5353.0,5131.0
Oconee,GA,17661.0,18311.0
Oconee,SC,37417.0,38509.0
Oconto,WI,19145.0,18320.0
Ogemaw,MI,10518.0,10461.0
Ogle,IL,25702.0,25917.0
Oglethorpe,GA,7362.0,7292.0
Ohio,IN,2967.0,2944.0
Ohio,KY,11957.0,12105.0
Ohio,WV,20667.0,22239.0
Okaloosa,FL,100239.0,97352.0
Okanogan,WA,20868.0,20509.0
Okeechobee,FL,21767.0,18461.0
Okfuskee,OK,6518.0,5642.0
Oklahoma,OK,378842.0,395361.0
Okmulgee,OK,19298.0,19823.0
Oktibbeha,MS,24860.0,24532.0
Oldham,KY,33876.0,30757.0
Oldham,TX,1208.0,875.0
Oliver,ND,950.0,872.0
Olmsted,MN,74208.0,77477.0
Oneida,ID,2136.0,2148.0
Oneida,NY,115854.0,116470.0
Oneida,WI,17790.0,17562.0
Onondaga,NY,225685.0,241984.0
Onslow,NC,107245.0,85440.0
Ontario,NY,53712.0,55779.0
Ontonagon,MI,3104.0,2968.0
Orange,CA,1558245.0,1597571.0
Orange,FL,633835.0,656381.0
Orange,IN,9687.0,9936.0
Orange,NC,67598.0,74214.0
Orange,NY,189437.0,188737.0
Orange,TX,41505.0,42404.0
Orange,VA,17341.0,17924.0
Orange,VT,14358.0,14543.0
Orangeburg,SC,41789.0,47327.0
Oregon,MO,5261.0,5518.0
Orleans,NY,20662.0,20922.0
Orleans,LA,185063.0,203119.0
Osage,KS,7915.0,7979.0
Osage,MO,7105.0,6505.0
Osage,OK,23748.0,23602.0
Osborne,KS,1836.0,1848.0
Osceola,FL,160216.0,164952.0
Osceola,IA,3099.0,3050.0
Osceola,MI,11725.0,11496.0
Oscoda,MI,4266.0,4038.0
Oswego,NY,60028.0,59805.0
Otero,CO,8957.0,9368.0
Otero,NM,33478.0,31652.0
Otoe,NE,7783.0,8092.0
Otsego,MI,11951.0,12296.0
Otsego,NY,29341.0,31409.0
Ottawa,KS,3118.0,2839.0
Ottawa,MI,138250.0,141993.0
Ottawa,OH,20272.0,20497.0
Ottawa,OK,15570.0,16155.0
Otter Tail,MN,29049.0,28741.0
Ouachita,AR,11547.0,12831.0
Ouachita,LA,75019.0,81414.0
Ouray,CO,2198.0,2455.0
Outagamie,WI,91418.0,91870.0
Overton,TN,10914.0,11081.0
Owen,IN,10629.0,10328.0
Owen,KY,5239.0,5447.0
Owsley,KY,1955.0,2542.0
Owyhee,ID,5817.0,5567.0
Oxford,ME,28290.0,28940.0
Ozark,MO,4665.0,4663.0
Ozaukee,WI,43131.0,44686.0
Pacific,WA,10462.0,10478.0
Page,IA,7996.0,7397.0
Page,VA,11638.0,12056.0
Palm Beach,FL,691154.0,735618.0
Palo Alto,IA,4540.0,4570.0
Palo Pinto,TX,13904.0,14205.0
Pamlico,NC,6561.0,6242.0
Panola,MS,16553.0,17676.0
Panola,TX,11635.0,11939.0
Park,CO,8935.0,7965.0
Park,MT,7994.0,8007.0
Park,WY,14360.0,14916.0
Parke,IN,8178.0,8884.0
Parker,TX,62545.0,63418.0
Parmer,TX,5065.0,4806.0
Pasco,FL,242448.0,255688.0
Pasquotank,NC,19203.0,20343.0
Passaic,NJ,248308.0,262255.0
Patrick,VA,8867.0,9091.0
Paulding,GA,74560.0,77839.0
Paulding,OH,9493.0,9458.0
Pawnee,KS,3842.0,2934.0
Pawnee,NE,1317.0,1387.0
Pawnee,OK,8214.0,8234.0
Payette,ID,11451.0,11388.0
Payne,OK,41317.0,39317.0
Peach,GA,12992.0,14035.0
Pearl River,MS,27106.0,27943.0
Pecos,TX,9058.0,6746.0
Pembina,ND,3667.0,3383.0
Pemiscot,MO,8210.0,9134.0
Pend Oreille,WA,6636.0,6430.0
Pender,NC,28562.0,29068.0
Pendleton,KY,7307.0,7223.0
Pendleton,WV,3583.0,3555.0
Pennington,MN,7115.0,7082.0
Pennington,SD,54305.0,53821.0
Penobscot,ME,75404.0,76880.0
Peoria,IL,90211.0,95934.0
Pepin,WI,3701.0,3581.0
Perkins,NE,1474.0,1430.0
Perkins,SD,1485.0,1479.0
Perquimans,NC,6485.0,7021.0
Perry,AL,4630.0,5050.0
Perry,AR,5116.0,5204.0
Perry,IL,11832.0,9635.0
Perry,IN,10336.0,8893.0
Perry,KY,13516.0,13813.0
Perry,MO,9429.0,9706.0
Perry,MS,5858.0,6189.0
Perry,OH,18012.0,17971.0
Perry,PA,23135.0,22743.0
Perry,TN,3960.0,3922.0
Pershing,NV,4337.0,2324.0
Person,NC,18973.0,20267.0
Petroleum,MT,235.0,218.0
Pettis,MO,20777.0,21532.0
Phelps,MO,23605.0,21268.0
Phelps,NE,4603.0,4560.0
Philadelphia,PA,742412.0,827245.0
Phillips,AR,9210.0,10308.0
Phillips,CO,2249.0,2078.0
Phillips,KS,2658.0,2788.0
Phillips,MT,2096.0,2043.0
Piatt,IL,8122.0,8311.0
Pickaway,OH,30052.0,27023.0
Pickens,AL,9601.0,10569.0
Pickens,GA,15046.0,15297.0
Pickens,SC,60358.0,61091.0
Pickett,TN,2566.0,2505.0
Pierce,GA,9640.0,9501.0
Pierce,ND,2155.0,2117.0
Pierce,NE,3598.0,3577.0
Pierce,WA,420170.0,425023.0
Pierce,WI,20501.0,20725.0
Pike,AL,15897.0,17390.0
Pike,AR,5415.0,5478.0
Pike,GA,8817.0,9102.0
Pike,IL,7907.0,8023.0
Pike,IN,6256.0,6215.0
Pike,KY,30063.0,31523.0
Pike,MO,10202.0,8315.0
Pike,MS,18890.0,20873.0
Pike,OH,14102.0,14189.0
Pike,PA,27956.0,27731.0
Pima,AZ,495714.0,511543.0
Pinal,AZ,211665.0,193872.0
Pine,MN,15497.0,13560.0
Pinellas,FL,456017.0,493825.0
Pipestone,MN,4481.0,4748.0
Pitkin,CO,9363.0,8384.0
Pitt,NC,83309.0,93175.0
Pittsburg,OK,22664.0,22009.0
Pittsylvania,VA,30372.0,31598.0
Piute,UT,966.0,894.0
Placer,CA,183021.0,191964.0
Plaquemines,LA,11393.0,12001.0
Platte,MO,47719.0,49180.0
Platte,NE,16662.0,16213.0
Platte,WY,4535.0,4168.0
Pleasants,WV,4058.0,3469.0
Plumas,CA,9432.0,9292.0
Plymouth,IA,12259.0,12768.0
Plymouth,MA,247788.0,261326.0
Pocahontas,IA,3440.0,3532.0
Pocahontas,WV,4467.0,4107.0
Poinsett,AR,11808.0,12290.0
Pointe Coupee,LA,10692.0,11579.0
Polk,AR,9869.0,10343.0
Polk,FL,319775.0,332481.0
Polk,GA,20231.0,21213.0
Polk,IA,229864.0,237371.0
Polk,MN,15988.0,15576.0
Polk,MO,15257.0,16090.0
Polk,NC,9782.0,10652.0
Polk,NE,2578.0,2666.0
Polk,OR,38699.0,40967.0
Polk,TN,8321.0,8401.0
Polk,TX,25288.0,21686.0
Polk,WI,21809.0,21519.0
Pondera,MT,3004.0,3077.0
Pontotoc,MS,15346.0,15729.0
Pontotoc,OK,18680.0,19609.0
Pope,AR,31373.0,31999.0
Pope,IL,2322.0,2038.0
Pope,MN,5540.0,5392.0
Portage,OH,79258.0,82822.0
Portage,WI,35333.0,35038.0
Porter,IN,82696.0,84695.0
Posey,IN,12776.0,12823.0
Pottawatomie,KS,11646.0,11542.0
Pottawatomie,OK,34122.0,37492.0
Pottawattamie,IA,45896.0,47391.0
Potter,PA,8604.0,8466.0
Potter,SD,1130.0,1188.0
Potter,TX,62467.0,58763.0
Powder River,MT,776.0,834.0
Powell,KY,6075.0,6274.0
Powell,MT,4243.0,2609.0
Power,ID,3951.0,3716.0
Poweshiek,IA,8821.0,9607.0
Powhatan,VA,15185.0,13179.0
Prairie,AR,4132.0,4177.0
Prairie,MT,681.0,644.0
Pratt,KS,4860.0,4810.0
Preble,OH,20452.0,20876.0
Prentiss,MS,12360.0,13029.0
Presidio,TX,3558.0,3633.0
Presque Isle,MI,6419.0,6435.0
Preston,WV,17379.0,16381.0
Price,WI,6898.0,6668.0
Prince Edward,VA,11379.0,11524.0
Prince George,VA,20643.0,17061.0
Prince George's,MD,435878.0,469283.0
Prince William,VA,224843.0,225920.0
Providence,RI,307512.0,326192.0
Prowers,CO,6111.0,5973.0
Pueblo,CO,80330.0,83038.0
Pulaski,AR,188310.0,204538.0
Pulaski,GA,4942.0,6454.0
Pulaski,IL,2760.0,2931.0
Pulaski,IN,6458.0,6303.0
Pulaski,KY,31404.0,32570.0
Pulaski,MO,30361.0,22771.0
Pulaski,VA,17152.0,17178.0
Pushmataha,OK,5441.0,5691.0
Putnam,FL,35683.0,36752.0
Putnam,GA,10410.0,11020.0
Putnam,IL,2957.0,2814.0
Putnam,IN,19747.0,17796.0
Putnam,MO,2436.0,2410.0
Putnam,NY,49485.0,49979.0
Putnam,OH,16979.0,17058.0
Putnam,TN,37302.0,38263.0
Putnam,WV,27904.0,28740.0
Quay,NM,4057.0,4390.0
Queen Anne's,MD,24230.0,24841.0
Queens,NY,1134031.0,1205249.0
Quitman,GA,1024.0,1116.0
Quitman,MS,3618.0,3919.0
Rabun,GA,8126.0,8228.0
Racine,WI,96480.0,98621.0
Rains,TX,5722.0,5524.0
Raleigh,WV,38718.0,38379.0
Ralls,MO,5170.0,5038.0
Ramsey,MN,261783.0,276110.0
Ramsey,ND,5897.0,5677.0
Randall,TX,64149.0,66403.0
Randolph,AL,10998.0,11532.0
Randolph,AR,8664.0,8850.0
Randolph,GA,3574.0,3632.0
Randolph,IL,18235.0,14594.0
Randolph,IN,12278.0,12925.0
Randolph,MO,13075.0,11912.0
Randolph,NC,70344.0,72483.0
Randolph,WV,14921.0,14231.0
Rankin,MS,72198.0,77447.0
Ransom,ND,2772.0,2639.0
Rapides,LA,63888.0,68192.0
Rappahannock,VA,3646.0,3713.0
Ravalli,MT,20574.0,20813.0
Rawlins,KS,1300.0,1220.0
Ray,MO,11351.0,11508.0
Reagan,TX,1986.0,1749.0
Real,TX,1553.0,1805.0
Red Lake,MN,2033.0,1984.0
Red River,TX,5803.0,6550.0
Red River,LA,4192.0,4531.0
Red Willow,NE,5552.0,5318.0
Redwood,MN,7819.0,7611.0
Reeves,TX,8938.0,5853.0
Refugio,TX,3617.0,3676.0
Reno,KS,31944.0,31416.0
Rensselaer,NY,78800.0,81000.0
Renville,MN,7535.0,7263.0
Renville,ND,1241.0,1302.0
Republic,KS,2290.0,2415.0
Reynolds,MO,3245.0,3116.0
Rhea,TN,16027.0,16451.0
Rice,KS,4983.0,4885.0
Rice,MN,33283.0,31968.0
Rich,UT,1114.0,1193.0
Richardson,NE,4036.0,4009.0
Richland,IL,7919.0,8034.0
Richland,MT,5795.0,5610.0
Richland,ND,8434.0,7899.0
Richland,OH,61682.0,59851.0
Richland,SC,196424.0,208445.0
Richland,WI,8897.0,8729.0
Richland,LA,10028.0,10591.0
Richmond,GA,97435.0,104133.0
Richmond,NC,22193.0,23254.0
Richmond,NY,230325.0,245623.0
Richmond,VA,4978.0,3895.0
Riley,KS,40410.0,35286.0
Ringgold,IA,2421.0,2565.0
Rio Arriba,NM,19338.0,20117.0
Rio Blanco,CO,3325.0,3232.0
Rio Grande,CO,5729.0,5701.0
Ripley,IN,14065.0,14307.0
Ripley,MO,6906.0,6901.0
Ritchie,WV,5005.0,5000.0
Riverside,CA,1171711.0,1183291.0
Roane,TN,25970.0,26956.0
Roane,WV,7100.0,7248.0
Roanoke,VA,44811.0,48608.0
Roberts,SD,5192.0,5058.0
Roberts,TX,404.0,485.0
Robertson,KY,1098.0,1063.0
Robertson,TN,33839.0,34736.0
Robertson,TX,8291.0,8436.0
Robeson,NC,64702.0,69485.0
Rock,MN,4641.0,4792.0
Rock,NE,690.0,691.0
Rock,WI,79293.0,81933.0
Rock Island,IL,72053.0,74152.0
Rockbridge,VA,11143.0,11297.0
Rockcastle,KY,8168.0,8647.0
Rockdale,GA,41755.0,46727.0
Rockingham,NC,44133.0,47433.0
Rockingham,VA,38485.0,40168.0
Rockland,NY,159227.0,165800.0
Rockwall,TX,44463.0,45951.0
Roger Mills,OK,1816.0,1918.0
Rogers,OK,44923.0,45175.0
Rolette,ND,7250.0,7407.0
Rooks,KS,2495.0,2653.0
Roosevelt,MT,5543.0,5675.0
Roosevelt,NM,9665.0,9648.0
Roscommon,MI,11867.0,12067.0
Roseau,MN,8004.0,7533.0
Rosebud,MT,4654.0,4638.0
Ross,OH,40622.0,36503.0
Routt,CO,12675.0,11684.0
Rowan,KY,11727.0,12665.0
Rowan,NC,68811.0,70129.0
Runnels,TX,5050.0,5216.0
Rush,IN,8223.0,8542.0
Rush,KS,1540.0,1579.0
Rusk,TX,27810.0,25216.0
Rusk,WI,7160.0,7051.0
Russell,AL,28424.0,30056.0
Russell,KS,3558.0,3429.0
Russell,KY,8630.0,9101.0
Russell,VA,13563.0,14162.0
Rutherford,NC,32275.0,34248.0
Rutherford,TN,147195.0,151261.0
Rutland,VT,29275.0,30401.0
Sabine,TX,5232.0,5197.0
Sabine,LA,11997.0,12148.0
Sac,IA,4848.0,5088.0
Sacramento,CA,730680.0,764720.0
Saginaw,MI,94017.0,99786.0
Saguache,CO,3141.0,3197.0
Salem,NJ,31105.0,32671.0
Saline,AR,57280.0,58972.0
Saline,IL,12028.0,12402.0
Saline,KS,27331.0,28003.0
Saline,MO,11372.0,11638.0
Saline,NE,7320.0,7005.0
Salt Lake,UT,555589.0,551111.0
Saluda,SC,10050.0,10178.0
Sampson,NC,31251.0,32413.0
San Augustine,TX,4154.0,4249.0
San Benito,CA,29208.0,29463.0
San Bernardino,CA,1055170.0,1066050.0
San Diego,CA,1651147.0,1632518.0
San Francisco,CA,440633.0,423630.0
San Jacinto,TX,13563.0,13873.0
San Joaquin,CA,360247.0,363906.0
San Juan,CO,301.0,268.0
San Juan,NM,63529.0,64692.0
San Juan,UT,7654.0,7539.0
San Juan,WA,7817.0,8404.0
San Luis Obispo,CA,142182.0,137937.0
San Mateo,CA,376145.0,387305.0
San Miguel,CO,4150.0,3654.0
San Miguel,NM,14114.0,14089.0
San Patricio,TX,33592.0,33275.0
San Saba,TX,2949.0,2902.0
Sanborn,SD,1212.0,1154.0
Sanders,MT,5843.0,5571.0
Sandoval,NM,67939.0,70876.0
Sandusky,OH,29478.0,30081.0
Sangamon,IL,95103.0,103031.0
Sanilac,MI,20592.0,20943.0
Sanpete,UT,15311.0,13581.0
Santa Barbara,CA,221955.0,221041.0
Santa Clara,CA,963317.0,947909.0
Santa Cruz,AZ,22229.0,24129.0
Santa Cruz,CA,135654.0,137609.0
Santa Fe,NM,71878.0,75636.0
Santa Rosa,FL,85374.0,81404.0
Sarasota,FL,193328.0,211511.0
Saratoga,NY,111991.0,114641.0
Sargent,ND,2008.0,1875.0
Sarpy,NE,87568.0,87620.0
Sauk,WI,31555.0,31785.0
Saunders,NE,10546.0,10407.0
Sawyer,WI,8315.0,8069.0
Schenectady,NY,75537.0,79702.0
Schleicher,TX,1572.0,1550.0
Schley,GA,2496.0,2672.0
Schoharie,NY,15700.0,15911.0
Schoolcraft,MI,3977.0,4137.0
Schuyler,IL,3894.0,3287.0
Schuyler,MO,2204.0,2246.0
Schuyler,NY,9076.0,9036.0
Schuylkill,PA,73691.0,70596.0
Scioto,OH,37968.0,38903.0
Scotland,MO,2382.0,2501.0
Scotland,NC,17546.0,17899.0
Scott,AR,5290.0,5294.0
Scott,IA,84184.0,87309.0
Scott,IL,2503.0,2606.0
Scott,IN,11628.0,12094.0
Scott,KS,2403.0,2578.0
Scott,KY,25858.0,26464.0
Scott,MN,70509.0,70954.0
Scott,MO,18844.0,20014.0
Scott,MS,13781.0,14618.0
Scott,TN,10831.0,11118.0
Scott,VA,11191.0,11099.0
Scotts Bluff,NE,17659.0,18850.0
Screven,GA,6896.0,7141.0
Scurry,TX,9446.0,7900.0
Searcy,AR,4030.0,3895.0
Sebastian,AR,62180.0,65182.0
Sedgwick,CO,1176.0,1181.0
Sedgwick,KS,252399.0,258085.0
Seminole,FL,217099.0,232161.0
Seminole,GA,4003.0,4546.0
Seminole,OK,12357.0,12889.0
Seneca,NY,18308.0,16535.0
Seneca,OH,27734.0,27815.0
Sequatchie,TN,7229.0,7425.0
Sequoyah,OK,20451.0,20913.0
Sevier,AR,8612.0,8594.0
Sevier,TN,46856.0,48667.0
Sevier,UT,10756.0,10205.0
Seward,KS,11752.0,11196.0
Seward,NE,8582.0,8463.0
Shackelford,TX,1677.0,1671.0
Shannon,MO,4048.0,4225.0
Sharkey,MS,2177.0,2454.0
Sharp,AR,8336.0,8705.0
Shasta,CA,87753.0,91166.0
Shawano,WI,20632.0,20504.0
Shawnee,KS,86487.0,91905.0
Sheboygan,WI,57875.0,57219.0
Shelby,AL,101420.0,107301.0
Shelby,IA,5784.0,5988.0
Shelby,IL,10885.0,11021.0
Shelby,IN,21933.0,22406.0
Shelby,KY,22151.0,23680.0
Shelby,MO,3053.0,3031.0
Shelby,OH,24685.0,24217.0
Shelby,TN,446846.0,491001.0
Shelby,TX,12740.0,12949.0
Shenandoah,VA,20850.0,22004.0
Sherburne,MN,46991.0,45033.0
Sheridan,KS,1282.0,1215.0
Sheridan,MT,1792.0,1776.0
Sheridan,ND,686.0,717.0
Sheridan,NE,2604.0,2637.0
Sheridan,WY,14816.0,15148.0
Sherman,KS,3009.0,2990.0
Sherman,NE,1518.0,1530.0
Sherman,OR,864.0,771.0
Sherman,TX,1590.0,1477.0
Shiawassee,MI,33807.0,34810.0
Shoshone,ID,6245.0,6245.0
Sibley,MN,7530.0,7358.0
Sierra,CA,1488.0,1397.0
Sierra,NM,5513.0,5741.0
Silver Bow,MT,17354.0,17160.0
Simpson,KY,8883.0,8998.0
Simpson,MS,13234.0,13981.0
Sioux,IA,17407.0,17285.0
Sioux,ND,2212.0,2208.0
Sioux,NE,647.0,609.0
Siskiyou,CA,21706.0,21824.0
Skagit,WA,60223.0,61502.0
Skamania,WA,5834.0,5664.0
Slope,ND,350.0,324.0
Smith,KS,1814.0,1879.0
Smith,MS,7838.0,8276.0
Smith,TN,9617.0,9662.0
Smith,TX,107355.0,114922.0
Smyth,VA,15386.0,15912.0
Snohomish,WA,387078.0,384826.0
Snyder,PA,20076.0,20494.0
Socorro,NM,9066.0,8032.0
Solano,CA,216074.0,218907.0
Somerset,MD,13821.0,11980.0
Somerset,NJ,162775.0,170541.0
Somerset,PA,39289.0,36330.0
Somervell,TX,4155.0,4495.0
Sonoma,CA,245381.0,255562.0
Southampton,VA,9414.0,8675.0
Spalding,GA,31075.0,33117.0
Spartanburg,SC,144327.0,153405.0
Spencer,IN,10431.0,10179.0
Spencer,KY,9193.0,8819.0
Spink,SD,3221.0,3257.0
Spokane,WA,243266.0,247498.0
Spotsylvania,VA,63945.0,66214.0
St. Bernard,LA,22256.0,22811.0
St. Charles,MO,189365.0,195750.0
St. Charles,LA,25901.0,26827.0
St. Clair,AL,43469.0,43468.0
St. Clair,IL,127649.0,136784.0
St. Clair,MI,79295.0,80466.0
St. Clair,MO,4744.0,4652.0
St. Croix,WI,43468.0,43674.0
St. Francis,AR,14664.0,12024.0
St. Francois,MO,35790.0,30458.0
St. Helena,LA,5093.0,5416.0
St. James,LA,10340.0,11145.0
St. John the Baptist,LA,21285.0,22280.0
St. Johns,FL,110112.0,116466.0
St. Joseph,IN,130472.0,138141.0
St. Joseph,MI,30264.0,30626.0
St. Landry,LA,40144.0,43436.0
St. Lawrence,NY,56381.0,54436.0
St. Louis,MN,100596.0,99698.0
St. Louis,MO,474110.0,525429.0
St. Lucie,FL,146025.0,152738.0
St. Martin,LA,26445.0,27164.0
St. Mary,LA,26153.0,26425.0
St. Mary's,MD,55420.0,55559.0
St. Tammany,LA,121268.0,127933.0
Stafford,KS,2142.0,2109.0
Stafford,VA,70984.0,70175.0
Stanislaus,CA,264824.0,270860.0
Stanley,SD,1552.0,1442.0
Stanly,NC,30309.0,30566.0
Stanton,KS,996.0,1111.0
Stanton,NE,3013.0,3007.0
Stark,IL,2739.0,2812.0
Stark,ND,15719.0,14597.0
Stark,OH,181773.0,192500.0
Starke,IN,11295.0,11671.0
Starr,TX,30815.0,32605.0
Ste. Genevieve,MO,8934.0,8948.0
Stearns,MN,78126.0,77174.0
Steele,MN,18225.0,18387.0
Steele,ND,1003.0,912.0
Stephens,GA,11930.0,13695.0
Stephens,OK,21476.0,22817.0
Stephens,TX,4826.0,4539.0
Stephenson,IL,22183.0,23656.0
Sterling,TX,608.0,531.0
Steuben,IN,17441.0,17018.0
Steuben,NY,48550.0,48989.0
Stevens,KS,2942.0,2799.0
Stevens,MN,4850.0,4909.0
Stevens,WA,21834.0,22024.0
Stewart,GA,3618.0,2214.0
Stewart,TN,6582.0,6666.0
Stillwater,MT,4651.0,4691.0
Stoddard,MO,14405.0,15229.0
Stokes,NC,22555.0,23569.0
Stone,AR,6242.0,6201.0
Stone,MO,15426.0,16103.0
Stone,MS,9096.0,8885.0
Stonewall,TX,555.0,529.0
Storey,NV,1894.0,1997.0
Story,IA,49985.0,45903.0
Strafford,NH,61938.0,64614.0
Stutsman,ND,10781.0,10277.0
Sublette,WY,5447.0,4590.0
Suffolk,NY,737373.0,760222.0
Sullivan,IN,11235.0,9665.0
Sullivan,MO,3187.0,3195.0
Sullivan,NH,21263.0,21810.0
Sullivan,NY,38941.0,36842.0
Sullivan,PA,3234.0,2958.0
Sullivan,TN,75908.0,80611.0
Sully,SD,756.0,634.0
Summers,WV,5969.0,7241.0
Summit,CO,16218.0,13504.0
Summit,OH,262534.0,278784.0
Summit,UT,20499.0,19232.0
Sumner,KS,11658.0,11678.0
Sumner,TN,85968.0,89762.0
Sumter,AL,6033.0,7051.0
Sumter,FL,58883.0,57871.0
Sumter,GA,14492.0,16195.0
Sumter,SC,51688.0,55691.0
Sunflower,MS,14114.0,12801.0
Surry,NC,35166.0,37149.0
Surry,VA,3213.0,3457.0
Susquehanna,PA,20988.0,20728.0
Sussex,DE,104514.0,111037.0
Sussex,NJ,71475.0,72095.0
Sussex,VA,7552.0,4043.0
Sutter,CA,47613.0,47970.0
Sutton,TX,2127.0,1767.0
Suwannee,FL,22204.0,21610.0
Swain,NC,6865.0,7343.0
Sweet Grass,MT,1763.0,1883.0
Sweetwater,WY,22981.0,21546.0
Swift,MN,4733.0,4715.0
Swisher,TX,3955.0,3586.0
Switzerland,IN,5497.0,5120.0
Talbot,GA,3030.0,3393.0
Talbot,MD,17595.0,19866.0
Taliaferro,GA,938.0,906.0
Talladega,AL,39140.0,41748.0
Tallahatchie,MS,8496.0,6056.0
Tallapoosa,AL,19616.0,21140.0
Tama,IA,8530.0,8706.0
Taney,MO,26360.0,27948.0
Tangipahoa,LA,62548.0,66302.0
Taos,NM,16054.0,16755.0
Tarrant,TX,971142.0,1012533.0
Tate,MS,13879.0,14454.0
Tattnall,GA,14892.0,10510.0
Taylor,FL,12547.0,9803.0
Taylor,GA,4047.0,4220.0
Taylor,IA,3152.0,3062.0
Taylor,KY,12381.0,13025.0
Taylor,TX,66258.0,69113.0
Taylor,WI,10402.0,9942.0
Taylor,WV,8645.0,8332.0
Tazewell,IL,66456.0,68239.0
Tazewell,VA,21055.0,21634.0
Tehama,CA,31452.0,31795.0
Telfair,GA,9532.0,6807.0
Teller,CO,11926.0,11843.0
Tensas,LA,2322.0,2449.0
Terrebonne,LA,55794.0,57273.0
Terrell,GA,4229.0,4749.0
Terrell,TX,357.0,364.0
Terry,TX,6753.0,6002.0
Teton,ID,5692.0,5084.0
Teton,MT,2969.0,3071.0
Teton,WY,12169.0,10754.0
Texas,MO,13248.0,12466.0
Texas,OK,11444.0,9965.0
Thayer,NE,2547.0,2586.0
Thomas,GA,21200.0,23709.0
Thomas,KS,3856.0,3991.0
Thomas,NE,344.0,299.0
Throckmorton,TX,705.0,836.0
Thurston,NE,3502.0,3553.0
Thurston,WA,132099.0,137786.0
Tift,GA,19502.0,21029.0
Tillamook,OR,13059.0,12781.0
Tillman,OK,3881.0,3710.0
Tioga,NY,24340.0,24982.0
Tioga,PA,20599.0,20951.0
Tippah,MS,10762.0,11231.0
Tippecanoe,IN,94992.0,91089.0
Tipton,IN,7632.0,7658.0
Tipton,TN,30363.0,31071.0
Tishomingo,MS,9400.0,10076.0
Titus,TX,16055.0,16609.0
Todd,KY,6194.0,6183.0
Todd,MN,12545.0,11878.0
Todd,SD,4905.0,5111.0
Tolland,CT,76162.0,75434.0
Tom Green,TX,57848.0,59058.0
Tompkins,NY,51397.0,53018.0
Tooele,UT,31942.0,31415.0
Toole,MT,2865.0,2166.0
Toombs,GA,12706.0,14454.0
Torrance,NM,8126.0,7408.0
Towner,ND,1143.0,1115.0
Towns,GA,5272.0,5901.0
Traill,ND,4091.0,3959.0
Transylvania,NC,16018.0,17273.0
Traverse,MN,1663.0,1694.0
Travis,TX,593319.0,583265.0
Treasure,MT,377.0,413.0
Trego,KS,1465.0,1434.0
Trempealeau,WI,14902.0,14608.0
Treutlen,GA,3394.0,3358.0
Trigg,KY,7053.0,7233.0
Trimble,KY,4265.0,4432.0
Trinity,CA,6603.0,6434.0
Trinity,TX,6959.0,7522.0
Tripp,SD,2781.0,2699.0
Troup,GA,33345.0,36088.0
Trousdale,TN,4654.0,4119.0
Trumbull,OH,99211.0,104130.0
Tucker,WV,3534.0,3501.0
Tulare,CA,229488.0,229321.0
Tulsa,OK,310812.0,326311.0
Tunica,MS,4818.0,5458.0
Tuolumne,CA,28029.0,25870.0
Turner,GA,3937.0,4099.0
Turner,SD,4140.0,4102.0
Tuscaloosa,AL,98725.0,105699.0
Tuscarawas,OH,45562.0,46969.0
Tuscola,MI,26889.0,26680.0
Twiggs,GA,4101.0,4222.0
Twin Falls,ID,40454.0,41794.0
Tyler,TX,11726.0,9730.0
Tyler,WV,4454.0,4495.0
Tyrrell,NC,2367.0,1723.0
Uinta,WY,10593.0,10165.0
Uintah,UT,18454.0,17889.0
Ulster,NY,89377.0,90752.0
Umatilla,OR,40006.0,36730.0
Unicoi,TN,8880.0,8950.0
Union,AR,19451.0,20571.0
Union,FL,9922.0,5378.0
Union,GA,10855.0,11407.0
Union,IA,6061.0,6436.0
Union,IL,8712.0,8555.0
Union,IN,3658.0,3567.0
Union,KY,7760.0,7155.0
Union,MS,13727.0,14475.0
Union,NC,109435.0,112660.0
Union,NJ,271607.0,285713.0
Union,NM,2285.0,1931.0
Union,OH,26167.0,28521.0
Union,OR,12738.0,13072.0
Union,PA,24776.0,20280.0
Union,SC,13346.0,14426.0
Union,SD,7525.0,7404.0
Union,TN,9516.0,9660.0
Union,LA,11212.0,11325.0
Upshur,TX,20035.0,20471.0
Upshur,WV,12252.0,12352.0
Upson,GA,12568.0,13673.0
Upton,TX,1747.0,1828.0
Utah,UT,290874.0,285622.0
Uvalde,TX,13188.0,13827.0
Val Verde,TX,24836.0,24140.0
Valencia,NM,38013.0,37832.0
Valley,ID,5148.0,4956.0
Valley,MT,3763.0,3798.0
Valley,NE,2111.0,2141.0
Van Buren,AR,8356.0,8395.0
Van Buren,IA,3728.0,3580.0
Van Buren,MI,37397.0,37793.0
Van Buren,TN,2870.0,2805.0
Van Wert,OH,13867.0,14395.0
Van Zandt,TX,26307.0,27300.0
Vance,NC,20915.0,23505.0
Vanderburgh,IN,87869.0,93962.0
Venango,PA,26094.0,26786.0
Ventura,CA,419536.0,428298.0
Vermilion,IL,39325.0,39882.0
Vermilion,LA,29021.0,30820.0
Vermillion,IN,7716.0,7928.0
Vernon,MO,10060.0,10605.0
Vernon,WI,15240.0,15138.0
Vernon,LA,27614.0,24292.0
Victoria,TX,44790.0,46728.0
Vigo,IN,54651.0,53072.0
Vilas,WI,10734.0,10731.0
Vinton,OH,6608.0,6534.0
Volusia,FL,252651.0,266009.0
Wabash,IL,5684.0,5884.0
Wabash,IN,15568.0,16280.0
Wabasha,MN,10729.0,10761.0
Wabaunsee,KS,3492.0,3426.0
Wadena,MN,6757.0,6869.0
Wagoner,OK,37961.0,38869.0
Wahkiakum,WA,1985.0,2120.0
Wake,NC,497677.0,526134.0
Wakulla,FL,17528.0,14058.0
Waldo,ME,19269.0,20011.0
Walker,AL,31709.0,33218.0
Walker,GA,33911.0,34698.0
Walker,TX,41435.0,29383.0
Walla Walla,WA,30692.0,29170.0
Wallace,KS,802.0,789.0
Waller,TX,24209.0,24234.0
Wallowa,OR,3297.0,3567.0
Walsh,ND,5606.0,5314.0
Walthall,MS,7186.0,7484.0
Walton,FL,32216.0,31241.0
Walton,GA,43120.0,45575.0
Walworth,SD,2678.0,2824.0
Walworth,WI,51330.0,51587.0
Wapello,IA,17441.0,17880.0
Ward,ND,36366.0,33262.0
Ward,TX,5790.0,5708.0
Ware,GA,17900.0,17788.0
Warren,GA,2534.0,2876.0
Warren,IA,23679.0,24951.0
Warren,IL,8439.0,8990.0
Warren,IN,4124.0,4145.0
Warren,KY,60616.0,63208.0
Warren,MO,16773.0,16781.0
Warren,MS,22609.0,24901.0
Warren,NC,10116.0,10074.0
Warren,NJ,52230.0,54858.0
Warren,NY,31717.0,32984.0
Warren,OH,112736.0,111132.0
Warren,PA,20152.0,20193.0
Warren,TN,19846.0,20364.0
Warren,VA,19445.0,19546.0
Warrick,IN,30490.0,31091.0
Wasatch,UT,14903.0,14403.0
Wasco,OR,12804.0,12883.0
Waseca,MN,8978.0,9920.0
Washakie,WY,4118.0,4135.0
Washburn,WI,7716.0,7922.0
Washington,AL,8342.0,8404.0
Washington,AR,111839.0,111844.0
Washington,CO,2485.0,2324.0
Washington,FL,13300.0,11172.0
Washington,GA,10343.0,10163.0
Washington,IA,11066.0,11029.0
Washington,ID,4940.0,5056.0
Washington,IL,7182.0,7078.0
Washington,IN,13783.0,14024.0
Washington,KS,2846.0,2726.0
Washington,KY,5873.0,6126.0
Washington,MD,75958.0,73588.0
Washington,ME,15714.0,16108.0
Washington,MN,124207.0,126772.0
Washington,MO,12855.0,12113.0
Washington,MS,22520.0,25482.0
Washington,NC,5846.0,6485.0
Washington,NE,10118.0,10296.0
Washington,NY,32148.0,30035.0
Washington,OH,30077.0,30794.0
Washington,OK,25196.0,26671.0
Washington,OR,282381.0,289690.0
Washington,PA,101746.0,105915.0
Washington,TN,61427.0,65010.0
Washington,TX,17199.0,17468.0
Washington,UT,77178.0,78399.0
Washington,VA,26857.0,27600.0
Washington,VT,28997.0,29694.0
Washington,WI,66558.0,67409.0
Washington,LA,22944.0,23505.0
Washita,OK,5729.0,5821.0
Washoe,NV,224212.0,221339.0
Washtenaw,MI,178949.0,182560.0
Watauga,NC,26657.0,26764.0
Watonwan,MN,5511.0,5425.0
Waukesha,WI,194879.0,201852.0
Waupaca,WI,26305.0,25346.0
Waushara,WI,12679.0,11491.0
Wayne,GA,15206.0,14627.0
Wayne,IA,3136.0,3269.0
Wayne,IL,8209.0,8360.0
Wayne,IN,32387.0,34585.0
Wayne,KY,10320.0,10372.0
Wayne,MI,848339.0,915483.0
Wayne,MO,6597.0,6772.0
Wayne,MS,10011.0,10447.0
Wayne,NC,61075.0,63421.0
Wayne,NE,4772.0,4637.0
Wayne,NY,45218.0,46224.0
Wayne,OH,57412.0,58503.0
Wayne,PA,27404.0,24252.0
Wayne,TN,9273.0,7440.0
Wayne,UT,1403.0,1297.0
Wayne,WV,19968.0,21095.0
Weakley,TN,16466.0,17310.0
Webb,TX,131657.0,137967.0
Weber,UT,122542.0,121559.0
Webster,GA,1329.0,1298.0
Webster,IA,18984.0,17961.0
Webster,KY,6502.0,6678.0
Webster,MO,19170.0,18388.0
Webster,MS,4832.0,5036.0
Webster,NE,1774.0,1823.0
Webster,WV,4286.0,4351.0
Webster,LA,19435.0,20608.0
Weld,CO,143783.0,141946.0
Wells,IN,13689.0,14143.0
Wells,ND,2036.0,2053.0
West Baton Rouge,LA,12631.0,12887.0
West Carroll,LA,5696.0,5578.0
West Feliciana,LA,10210.0,5166.0
Westchester,NY,471874.0,503447.0
Westmoreland,PA,174211.0,182624.0
Westmoreland,VA,8646.0,8950.0
Weston,WY,3756.0,3361.0
Wetzel,WV,7700.0,8093.0
Wexford,MI,16480.0,16435.0
Wharton,TX,20355.0,21075.0
Whatcom,WA,105396.0,107342.0
Wheatland,MT,1084.0,1024.0
Wheeler,GA,5132.0,2820.0
Wheeler,NE,444.0,402.0
Wheeler,OR,686.0,729.0
Wheeler,TX,2871.0,2728.0
White,AR,38653.0,40053.0
White,GA,13814.0,14695.0
White,IL,6957.0,7229.0
White,IN,12185.0,12094.0
White,TN,12929.0,13465.0
White Pine,NV,5820.0,4038.0
Whiteside,IL,27990.0,28833.0
Whitfield,GA,51566.0,52397.0
Whitley,IN,16716.0,16765.0
Whitley,KY,17686.0,18341.0
Whitman,WA,24423.0,23371.0
Wibaux,MT,560.0,561.0
Wichita,KS,1019.0,1138.0
Wichita,TX,68339.0,63439.0
Wicomico,MD,48622.0,53392.0
Wilbarger,TX,6415.0,6557.0
Wilcox,AL,5096.0,5823.0
Wilcox,GA,5248.0,3648.0
Wilkes,GA,4749.0,5156.0
Wilkes,NC,33737.0,34788.0
Wilkin,MN,3214.0,3184.0
Wilkinson,GA,4385.0,4762.0
Wilkinson,MS,4826.0,4258.0
Will,IL,341719.0,346008.0
Willacy,TX,11821.0,10018.0
Williams,ND,18015.0,14901.0
Williams,OH,18360.0,18701.0
Williamsburg,SC,15564.0,16692.0
Williamson,IL,33646.0,33831.0
Williamson,TN,103812.0,108349.0
Williamson,TX,250106.0,258207.0
Wilson,KS,4362.0,4496.0
Wilson,NC,38532.0,42847.0
Wilson,TN,63009.0,65865.0
Wilson,TX,23703.0,23502.0
Windham,CT,57906.0,58768.0
Windham,VT,21172.0,22160.0
Windsor,VT,27171.0,28314.0
Winkler,TX,3968.0,3809.0
Winn,LA,7712.0,6919.0
Winnebago,IA,5142.0,5403.0
Winnebago,IL,140454.0,147058.0
Winnebago,WI,85384.0,84156.0
Winneshiek,IA,10306.0,10269.0
Winona,MN,25183.0,25809.0
Winston,AL,11850.0,12118.0
Winston,MS,8998.0,9484.0
Wirt,WV,2944.0,2856.0
Wise,TX,31766.0,31481.0
Wise,VA,20612.0,18927.0
Wolfe,KY,3522.0,3729.0
Wood,OH,63767.0,65737.0
Wood,TX,21523.0,21792.0
Wood,WI,36265.0,37162.0
Wood,WV,41458.0,44558.0
Woodbury,IA,50496.0,51901.0
Woodford,IL,19374.0,19568.0
Woodford,KY,12356.0,13461.0
Woodruff,AR,3193.0,3570.0
Woods,OK,4949.0,4183.0
Woodson,KS,1574.0,1604.0
Woodward,OK,11155.0,9985.0
Worcester,MA,403587.0,414662.0
Worcester,MD,25205.0,26354.0
Worth,GA,10171.0,10638.0
Worth,IA,3734.0,3768.0
Worth,MO,999.0,1054.0
Wright,IA,6431.0,6433.0
Wright,MN,66046.0,65084.0
Wright,MO,9012.0,9292.0
Wyandot,OH,10992.0,11198.0
Wyandotte,KS,80545.0,82682.0
Wyoming,NY,22032.0,18854.0
Wyoming,PA,13958.0,13802.0
Wyoming,WV,10894.0,11236.0
Wythe,VA,14200.0,14848.0
Yadkin,NC,18574.0,19251.0
Yakima,WA,124369.0,123910.0
Yalobusha,MS,6101.0,6325.0
Yamhill,OR,51188.0,51178.0
Yancey,NC,8689.0,8916.0
Yankton,SD,11786.0,10874.0
Yates,NY,12069.0,13014.0
Yavapai,AZ,108100.0,112872.0
Yazoo,MS,14846.0,12650.0
Yell,AR,10722.0,10879.0
Yellow Medicine,MN,5096.0,4834.0
Yellowstone,MT,76868.0,79464.0
Yoakum,TX,4286.0,4195.0
Yolo,CA,103617.0,108988.0
York,ME,98215.0,103239.0
York,NE,6795.0,7037.0
York,PA,218524.0,223692.0
York,SC,121451.0,130213.0
York,VA,33024.0,34172.0
Young,TX,8922.0,9244.0
Yuba,CA,38081.0,36563.0
Yuma,AZ,104914.0,99367.0
Yuma,CO,5010.0,5099.0
Zapata,TX,7190.0,7225.0
Zavala,TX,6163.0,5989.0
Ziebach,SD,1421.0,1416.0